order_id,customer_id,customer_name,city,category,product_name,unit_price,quantity,total_amount,order_status,order_date,tags,rating
1001,264,Sara Khalil,Cairo,Clothing,Denim Jeans Classic,38.4,1,38.4,COMPLETED,2026-07-13 09:37:00,sale;budget,2.7
1002,160,Bilal Khalil,Amman,Furniture,Monitor Arm Dual,58.95,1,58.95,CANCELLED,2025-10-12 20:55:00,bestseller,4.2
1003,188,Fatima Nasser,Hebron,Office Supplies,Whiteboard Magnetic 90x60,40.5,1,40.5,COMPLETED,2026-01-03 21:22:00,premium;sale;organic,3.8
1004,197,Osaid Sayegh,Bethlehem,Office Supplies,Heavy Duty Stapler,15.2,4,60.8,CANCELLED,2025-07-16 19:04:00,new-arrival,4.4
1005,121,Yousef Mansour,Tulkarm,Clothing,Winter Wool Jacket,133.0,2,266.0,COMPLETED,2026-01-15 13:13:00,premium;clearance;bestseller,3.8
1006,163,Kareem Ziyad,Tulkarm,Clothing,Graphic T-Shirt,20.9,1,20.9,PROCESSING,2025-02-27 11:52:00,limited-edition,3.5
1007,117,Noor Husseini,Hebron,Sports & Outdoors,Insulated Water Bottle,19.6,1,19.6,PENDING,2025-05-27 12:08:00,eco-friendly,3.8
1008,250,Rania Darwish,Jenin,Furniture,Standing Desk Oak,450.0,2,900.0,PROCESSING,2025-02-18 21:07:00,bestseller,4.5
1009,209,Yasmin Beshtawi,Tulkarm,Books,Scala for the Impatient,31.02,10,310.2,COMPLETED,2026-07-21 21:00:00,clearance;eco-friendly;premium,4.4
1010,188,Sara Ghanem,Tulkarm,Furniture,LED Desk Lamp,28.0,1,28.0,RETURNED,2025-09-27 16:48:00,eco-friendly,4.8
1011,261,Omar Khatib,Dubai,Furniture,Standing Desk Oak,450.0,1,450.0,CANCELLED,2026-06-28 22:00:00,limited-edition;organic;sale,2.8
1012,193,Omar Qasim,Nablus,Furniture,Monitor Arm Dual,65.5,5,327.5,RETURNED,2026-05-13 21:04:00,bestseller;budget;organic,4.9
1013,143,Fatima Khatib,Dubai,Books,Designing Data-Intensive Apps,43.88,4,175.52,RETURNED,2025-07-25 19:19:00,limited-edition;organic,4.7
1014,216,Sara Qasim,Hebron,Electronics,Mechanical Keyboard,72.25,1,72.25,COMPLETED,2025-08-14 08:04:00,sale;new-arrival;clearance,4.8
1015,185,Osaid Khatib,Hebron,Clothing,Winter Wool Jacket,140.0,1,140.0,RETURNED,2026-08-08 17:30:00,organic,4.5
1016,149,Sara Mansour,Doha,Books,MongoDB The Definitive Guide,37.8,1,37.8,PROCESSING,2025-02-25 18:41:00,clearance;sale;gift-idea,4.3
1017,128,Yousef Odeh,Hebron,Home & Kitchen,Ceramic Cookware Set,160.0,1,160.0,COMPLETED,2026-04-19 11:55:00,organic,4.5
1018,241,Sara Abdelhaq,Doha,Home & Kitchen,Espresso Coffee Maker,135.0,5,675.0,PROCESSING,2025-08-31 10:26:00,organic;new-arrival,4.7
1019,116,Kareem Darwish,Nablus,Books,MongoDB The Definitive Guide,31.5,4,126.0,PENDING,2025-10-20 14:44:00,eco-friendly;organic;bestseller,3.0
1020,156,Mohammad Sayegh,Nablus,Sports & Outdoors,Camping Tent 4-Person,148.75,1,148.75,PENDING,2026-05-30 22:54:00,bestseller;sale;clearance,4.6
1021,118,Yasmin Beshtawi,Doha,Office Supplies,Gel Pen Set 12-Pack,8.07,1,8.07,COMPLETED,2026-08-16 17:02:00,clearance;gift-idea;limited-edition,4.8
1022,153,Huda Qasim,Bethlehem,Books,Designing Data-Intensive Apps,55.57,2,111.14,PENDING,2025-11-20 22:48:00,sale,3.6
1023,245,Sara Beshtawi,Amman,Furniture,Monitor Arm Dual,62.22,1,62.22,COMPLETED,2025-09-08 13:18:00,organic,4.6
1024,178,Yasmin Khatib,Nablus,Sports & Outdoors,Mountain Bike Helmet,48.0,1,48.0,COMPLETED,2025-05-18 12:07:00,eco-friendly,2.9
1025,173,Yasmin Odeh,Cairo,Clothing,Denim Jeans Classic,36.0,2,72.0,COMPLETED,2026-06-02 15:16:00,clearance,4.1
1026,171,Mohammad Khalil,Jenin,Office Supplies,Gel Pen Set 12-Pack,9.03,2,18.06,COMPLETED,2026-03-29 16:45:00,eco-friendly;sale,2.8
1027,277,Laila Sayegh,Nablus,Office Supplies,Whiteboard Magnetic 90x60,45.0,2,90.0,PENDING,2025-05-11 08:19:00,sale;limited-edition,3.0
1028,164,Sara Saleh,Amman,Office Supplies,Desktop Organizer Wood,18.0,8,144.0,COMPLETED,2025-08-31 21:10:00,gift-idea,2.6
1029,186,Rania Qasim,Bethlehem,Furniture,Ergonomic Office Chair,250.0,1,250.0,PROCESSING,2026-04-27 11:12:00,limited-edition;premium,4.6
1030,159,Yousef Khalil,Doha,Furniture,LED Desk Lamp,26.25,1,26.25,COMPLETED,2025-10-13 13:41:00,gift-idea;eco-friendly;limited-edition,4.8
1031,130,Fatima Al-Masri,Dubai,Clothing,Cotton Hoodie Black,49.5,1,49.5,COMPLETED,2025-11-18 14:38:00,clearance;gift-idea;new-arrival,3.1
1032,212,Ahmad Khatib,Amman,Sports & Outdoors,Dumbbells Set 20kg,80.0,1,80.0,RETURNED,2025-12-05 17:20:00,clearance;premium;eco-friendly,4.2
1033,184,Zaid Ghanem,Amman,Furniture,Standing Desk Oak,405.0,1,405.0,RETURNED,2025-06-28 17:36:00,gift-idea;eco-friendly,4.6
1034,178,Omar Odeh,Tulkarm,Office Supplies,Heavy Duty Stapler,15.2,2,30.4,PENDING,2026-03-29 15:43:00,eco-friendly,3.7
1035,144,Osaid Ghanem,Amman,Sports & Outdoors,Mountain Bike Helmet,45.0,1,45.0,PROCESSING,2025-08-29 18:19:00,new-arrival,2.9
1036,112,Yousef Tamimi,Dubai,Office Supplies,A4 Printer Paper Pack,9.6,2,19.2,CANCELLED,2025-07-19 19:44:00,organic;gift-idea,3.1
1037,268,Ahmad Mansour,Tulkarm,Furniture,Standing Desk Oak,360.0,3,1080.0,CANCELLED,2026-04-21 08:35:00,clearance,3.6
1038,219,Bilal Sayegh,Dubai,Clothing,Winter Wool Jacket,112.0,2,224.0,CANCELLED,2026-03-13 21:58:00,organic;bestseller;budget,3.6
1039,164,Fatima Khatib,Gaza,Sports & Outdoors,Dumbbells Set 20kg,80.0,1,80.0,RETURNED,2025-10-20 11:17:00,limited-edition;eco-friendly,2.7
1040,139,Yousef Darwish,Cairo,Furniture,Standing Desk Oak,405.0,1,405.0,COMPLETED,2026-07-10 15:26:00,new-arrival,4.6
1041,200,Mustafa Khalil,Dubai,Books,Clean Code Architecture,37.05,1,37.05,COMPLETED,2026-02-04 21:57:00,eco-friendly;budget,4.5
1042,157,Salma Qasim,Bethlehem,Books,Clean Code Architecture,37.05,1,37.05,RETURNED,2026-02-19 19:10:00,bestseller;eco-friendly,2.6
1043,201,Mustafa Khalil,Ramallah,Sports & Outdoors,Insulated Water Bottle,22.05,1,22.05,COMPLETED,2025-02-21 12:24:00,new-arrival;organic,3.3
1044,198,Fatima Hamdan,Bethlehem,Office Supplies,A4 Printer Paper Pack,9.6,2,19.2,CANCELLED,2025-02-23 13:14:00,clearance;sale;eco-friendly,4.9
1045,152,Ahmad Nasser,Hebron,Furniture,LED Desk Lamp,29.75,2,59.5,COMPLETED,2026-04-22 19:16:00,bestseller;clearance,4.4
1046,142,Omar Mansour,Dubai,Electronics,Mechanical Keyboard,76.5,2,153.0,PENDING,2025-07-23 09:37:00,new-arrival;clearance;premium,4.6
1047,254,Sara Abdelhaq,Jenin,Home & Kitchen,Ceramic Cookware Set,160.0,2,320.0,CANCELLED,2025-12-16 08:54:00,organic;clearance,3.6
1048,193,Khaled Nasser,Tulkarm,Furniture,Monitor Arm Dual,62.22,5,311.1,CANCELLED,2026-07-06 20:30:00,gift-idea;premium,3.3
1049,163,Osaid Barakat,Gaza,Furniture,LED Desk Lamp,28.0,2,56.0,PENDING,2025-12-11 08:31:00,bestseller;organic,3.0
1050,167,Huda Barakat,Dubai,Sports & Outdoors,Camping Tent 4-Person,148.75,2,297.5,COMPLETED,2025-03-29 11:46:00,organic;eco-friendly,4.4
1051,277,Salma Tamimi,Gaza,Office Supplies,A4 Printer Paper Pack,12.0,1,12.0,PENDING,2025-09-07 12:42:00,limited-edition;organic;budget,3.6
1052,241,Huda Saleh,Cairo,Books,MongoDB The Definitive Guide,42.0,1,42.0,COMPLETED,2025-07-17 13:07:00,eco-friendly;bestseller;new-arrival,3.0
1053,224,Fatima Khatib,Dubai,Clothing,Cotton Hoodie Black,52.25,3,156.75,COMPLETED,2026-01-05 10:19:00,eco-friendly,2.8
1054,112,Mohammad Sayegh,Bethlehem,Sports & Outdoors,Dumbbells Set 20kg,60.0,2,120.0,PENDING,2025-04-16 21:00:00,premium;organic;eco-friendly,3.6
1055,148,Mohammad Barakat,Gaza,Electronics,Laptop Pro 15,1200.0,1,1200.0,CANCELLED,2025-02-24 10:09:00,premium;clearance;new-arrival,2.8
1056,207,Yasmin Qasim,Amman,Books,Clean Code Architecture,37.05,4,148.2,PROCESSING,2026-03-16 12:36:00,sale;clearance;new-arrival,4.1
1057,168,Osaid Al-Masri,Hebron,Furniture,Monitor Arm Dual,65.5,1,65.5,PENDING,2026-04-07 19:38:00,premium;sale,3.1
1058,173,Khaled Beshtawi,Doha,Furniture,Bookshelf 5-Tier,88.0,3,264.0,CANCELLED,2025-07-22 14:07:00,new-arrival;bestseller;premium,4.6
1059,119,Mohammad Al-Masri,Bethlehem,Home & Kitchen,Electric Kettle,27.0,4,108.0,COMPLETED,2026-04-25 19:19:00,gift-idea;premium;organic,3.6
1060,254,Mohammad Hamdan,Cairo,Clothing,Graphic T-Shirt,22.0,1,22.0,COMPLETED,2026-08-13 17:01:00,premium;sale;bestseller,3.7
1061,267,Khaled Barakat,Jerusalem,Home & Kitchen,Ceramic Cookware Set,144.0,2,288.0,COMPLETED,2026-04-27 13:26:00,limited-edition;clearance,4.6
1062,185,Rania Tamimi,Bethlehem,Sports & Outdoors,Insulated Water Bottle,20.82,3,62.46,COMPLETED,2026-04-11 09:20:00,limited-edition;clearance,4.9
1063,204,Bilal Khalil,Doha,Office Supplies,Heavy Duty Stapler,16.0,2,32.0,COMPLETED,2026-06-15 13:39:00,organic;sale,3.0
1064,241,Laila Ghanem,Gaza,Sports & Outdoors,Insulated Water Bottle,19.6,1,19.6,CANCELLED,2025-09-03 19:10:00,eco-friendly;sale,3.9
1065,124,Yousef Mansour,Gaza,Electronics,Smart Watch v2,269.55,3,808.65,RETURNED,2025-10-26 16:45:00,gift-idea;organic,5.0
1066,163,Khaled Sayegh,Jerusalem,Books,Designing Data-Intensive Apps,49.73,4,198.92,RETURNED,2025-05-20 21:04:00,gift-idea;limited-edition,4.8
1067,230,Fatima Khalil,Bethlehem,Sports & Outdoors,Camping Tent 4-Person,148.75,3,446.25,RETURNED,2026-05-17 21:09:00,eco-friendly;organic,3.4
1068,242,Dina Darwish,Gaza,Clothing,Denim Jeans Classic,48.0,8,384.0,CANCELLED,2026-01-28 11:54:00,sale;limited-edition,4.4
1069,198,Zaid Nasser,Gaza,Electronics,Wireless Mouse,21.68,2,43.36,COMPLETED,2025-04-13 21:54:00,clearance;eco-friendly,4.8
1070,104,Laila Hamdan,Doha,Furniture,Ergonomic Office Chair,237.5,2,475.0,COMPLETED,2026-02-12 18:05:00,eco-friendly;gift-idea,4.9
1071,261,Salma Sayegh,Nablus,Home & Kitchen,Espresso Coffee Maker,144.0,1,144.0,COMPLETED,2025-08-21 19:05:00,clearance;budget,3.6
1072,278,Omar Khalil,Nablus,Clothing,Cotton Hoodie Black,52.25,1,52.25,PENDING,2025-05-30 11:33:00,budget;bestseller,2.9
1073,121,Yasmin Darwish,Dubai,Sports & Outdoors,Dumbbells Set 20kg,68.0,2,136.0,COMPLETED,2025-08-26 15:40:00,organic;premium,4.2
1074,220,Omar Sayegh,Jerusalem,Electronics,Noise-Canceling Headphones,169.99,5,849.95,COMPLETED,2026-03-11 19:16:00,premium;new-arrival,5.0
1075,224,Sara Qasim,Tulkarm,Home & Kitchen,Air Fryer Deluxe,100.0,2,200.0,COMPLETED,2025-01-23 21:42:00,premium;sale,3.9
1076,276,Mohammad Tamimi,Bethlehem,Office Supplies,Gel Pen Set 12-Pack,9.03,2,18.06,COMPLETED,2025-07-14 17:16:00,bestseller;clearance;sale,3.3
1077,213,Mohammad Saleh,Cairo,Furniture,Ergonomic Office Chair,237.5,4,950.0,RETURNED,2026-03-02 10:12:00,eco-friendly,4.7
1078,194,Bilal Khatib,Bethlehem,Office Supplies,Gel Pen Set 12-Pack,7.12,1,7.12,PENDING,2025-10-30 19:55:00,clearance;organic,4.9
1079,137,Yousef Darwish,Amman,Clothing,Cotton Hoodie Black,55.0,3,165.0,COMPLETED,2026-07-04 09:29:00,premium;gift-idea,4.6
1080,196,Sara Qasim,Gaza,Electronics,USB-C Hub Multiport,38.25,4,153.0,COMPLETED,2025-08-15 18:04:00,organic;premium;gift-idea,2.8
1081,112,Mohammad Ghanem,Gaza,Electronics,Laptop Pro 15,1020.0,1,1020.0,COMPLETED,2026-02-02 15:23:00,eco-friendly;gift-idea;bestseller,4.7
1082,268,Sara Tamimi,Dubai,Books,MongoDB The Definitive Guide,39.9,1,39.9,COMPLETED,2026-03-31 15:15:00,clearance;limited-edition,3.9
1083,266,Tariq Abdelhaq,Tulkarm,Clothing,Denim Jeans Classic,36.0,5,180.0,PROCESSING,2026-04-11 09:42:00,budget,4.9
1084,113,Huda Qasim,Jerusalem,Office Supplies,Heavy Duty Stapler,12.0,1,12.0,PROCESSING,2026-07-22 11:37:00,new-arrival,3.3
1085,138,Yasmin Khalil,Bethlehem,Office Supplies,Gel Pen Set 12-Pack,8.07,8,64.56,COMPLETED,2025-06-28 09:42:00,bestseller,2.5
1086,161,Mustafa Husseini,Nablus,Furniture,Bookshelf 5-Tier,88.0,1,88.0,PENDING,2026-06-23 09:47:00,organic,3.6
1087,193,Bilal Mansour,Gaza,Home & Kitchen,Stainless Steel Blender,75.0,5,375.0,RETURNED,2026-06-18 12:29:00,sale;budget;organic,4.6
1088,210,Sara Tamimi,Cairo,Books,Learning Spark 2nd Ed,47.49,4,189.96,CANCELLED,2025-06-01 09:08:00,budget;eco-friendly,4.3
1089,198,Yasmin Khatib,Bethlehem,Books,Scala for the Impatient,36.5,2,73.0,PROCESSING,2025-04-28 21:41:00,eco-friendly;new-arrival;gift-idea,3.6
1090,159,Rania Husseini,Gaza,Books,Clean Code Architecture,37.05,3,111.15,PENDING,2025-11-17 18:16:00,bestseller;organic,2.7
1091,122,Osaid Hamdan,Ramallah,Sports & Outdoors,Camping Tent 4-Person,148.75,3,446.25,COMPLETED,2026-08-24 16:35:00,clearance;gift-idea,3.4
1092,271,Rania Abdelhaq,Bethlehem,Home & Kitchen,Air Fryer Deluxe,106.25,1,106.25,CANCELLED,2025-08-06 10:42:00,new-arrival;clearance,3.4
1093,243,Tariq Mansour,Bethlehem,Home & Kitchen,Stainless Steel Blender,56.25,3,168.75,CANCELLED,2026-07-25 08:38:00,premium;sale;bestseller,3.2
1094,180,Huda Saleh,Nablus,Furniture,Standing Desk Oak,405.0,2,810.0,COMPLETED,2025-05-26 19:40:00,clearance,4.4
1095,156,Zaid Hamdan,Gaza,Clothing,Denim Jeans Classic,38.4,1,38.4,COMPLETED,2026-08-05 17:05:00,bestseller,2.9
1096,259,Mohammad Beshtawi,Bethlehem,Books,Clean Code Architecture,35.1,2,70.2,PENDING,2025-10-07 11:48:00,clearance;limited-edition;gift-idea,2.8
1097,274,Mustafa Tamimi,Amman,Sports & Outdoors,Camping Tent 4-Person,157.5,1,157.5,CANCELLED,2025-02-26 08:13:00,new-arrival;bestseller,4.4
1098,175,Huda Mansour,Nablus,Books,Clean Code Architecture,35.1,1,35.1,CANCELLED,2025-08-24 16:35:00,limited-edition;clearance;gift-idea,4.7
1099,111,Rania Khalil,Gaza,Electronics,Mechanical Keyboard,72.25,2,144.5,PENDING,2026-03-04 12:07:00,sale;limited-edition,2.9
1100,259,Khaled Saleh,Ramallah,Books,Learning Spark 2nd Ed,42.49,1,42.49,PENDING,2026-06-21 09:25:00,limited-edition;new-arrival,3.3
1101,144,Osaid Khatib,Doha,Electronics,USB-C Hub Multiport,33.75,2,67.5,COMPLETED,2025-12-26 19:52:00,bestseller;new-arrival;clearance,2.9
1102,151,Kareem Nasser,Doha,Electronics,Wireless Mouse,20.4,5,102.0,PENDING,2026-04-21 20:36:00,organic;limited-edition;eco-friendly,2.9
1103,118,Salma Ziyad,Doha,Clothing,Running Sneakers White,90.25,2,180.5,CANCELLED,2025-03-17 12:29:00,sale;budget,3.4
1104,174,Osaid Beshtawi,Dubai,Home & Kitchen,Electric Kettle,25.5,1,25.5,CANCELLED,2025-02-12 15:58:00,new-arrival;limited-edition;organic,3.8
1105,116,Khaled Mansour,Jenin,Sports & Outdoors,Yoga Mat Non-Slip,28.0,2,56.0,COMPLETED,2025-09-11 19:28:00,eco-friendly;budget,4.0
1106,194,Tariq Ghanem,Tulkarm,Books,MongoDB The Definitive Guide,42.0,2,84.0,PROCESSING,2025-12-09 09:21:00,eco-friendly,4.2
1107,173,Fatima Nasser,Jenin,Electronics,USB-C Hub Multiport,42.75,2,85.5,COMPLETED,2026-02-06 10:38:00,clearance;premium;gift-idea,4.1
1108,185,Laila Khatib,Ramallah,Sports & Outdoors,Insulated Water Bottle,24.5,2,49.0,COMPLETED,2025-11-13 10:13:00,organic;new-arrival,3.1
1109,136,Laila Beshtawi,Bethlehem,Office Supplies,A4 Printer Paper Pack,10.2,2,20.4,PROCESSING,2026-06-24 08:42:00,budget;bestseller,4.0
1110,140,Kareem Al-Masri,Cairo,Office Supplies,Heavy Duty Stapler,16.0,3,48.0,RETURNED,2026-03-25 08:26:00,new-arrival;organic,4.0
1111,215,Yousef Sayegh,Hebron,Clothing,Winter Wool Jacket,140.0,4,560.0,COMPLETED,2026-08-08 15:29:00,gift-idea;eco-friendly,3.8
1112,142,Noor Nasser,Bethlehem,Electronics,Smart Watch v2,284.52,2,569.04,CANCELLED,2025-04-16 19:54:00,clearance;premium;budget,4.4
1113,170,Khaled Khatib,Jerusalem,Office Supplies,Desktop Organizer Wood,22.5,1,22.5,PROCESSING,2026-04-07 22:22:00,gift-idea,2.6
1114,229,Tariq Qasim,Tulkarm,Electronics,Mechanical Keyboard,80.75,1,80.75,COMPLETED,2025-12-10 20:09:00,sale,3.2
1115,221,Laila Tamimi,Gaza,Home & Kitchen,Espresso Coffee Maker,180.0,4,720.0,COMPLETED,2025-08-09 21:09:00,budget;eco-friendly;gift-idea,2.8
1116,174,Yousef Ghanem,Ramallah,Electronics,Wireless Mouse,19.12,1,19.12,CANCELLED,2026-04-14 09:07:00,budget;eco-friendly,2.5
1117,232,Mustafa Qasim,Cairo,Furniture,Bookshelf 5-Tier,93.5,1,93.5,COMPLETED,2025-09-04 17:26:00,clearance,3.8
1118,193,Osaid Khatib,Amman,Home & Kitchen,Electric Kettle,27.0,2,54.0,PROCESSING,2026-04-27 08:40:00,limited-edition;premium,4.4
1119,192,Osaid Saleh,Hebron,Sports & Outdoors,Yoga Mat Non-Slip,22.4,3,67.2,PROCESSING,2025-12-07 10:02:00,eco-friendly;limited-edition,4.5
1120,145,Khaled Tamimi,Doha,Furniture,Standing Desk Oak,337.5,1,337.5,PENDING,2025-02-07 12:12:00,new-arrival,4.7
1121,181,Omar Khatib,Tulkarm,Office Supplies,Heavy Duty Stapler,16.0,2,32.0,PROCESSING,2025-07-15 12:22:00,limited-edition,3.2
1122,195,Rania Darwish,Cairo,Books,Clean Code Architecture,39.0,1,39.0,PENDING,2026-05-25 13:59:00,premium;clearance;gift-idea,2.7
1123,255,Kareem Sayegh,Bethlehem,Clothing,Cotton Hoodie Black,44.0,1,44.0,COMPLETED,2025-11-10 15:38:00,gift-idea;bestseller;organic,3.4
1124,111,Tariq Hamdan,Bethlehem,Sports & Outdoors,Yoga Mat Non-Slip,22.4,1,22.4,PENDING,2026-01-08 16:51:00,bestseller;sale;budget,4.6
1125,274,Khaled Abdelhaq,Jerusalem,Electronics,Wireless Mouse,24.22,3,72.66,COMPLETED,2026-01-28 17:02:00,bestseller;organic;limited-edition,3.4
1126,120,Mustafa Nasser,Amman,Clothing,Winter Wool Jacket,133.0,1,133.0,COMPLETED,2025-04-27 08:47:00,organic,3.8
1127,244,Sara Barakat,Bethlehem,Sports & Outdoors,Insulated Water Bottle,20.82,1,20.82,COMPLETED,2026-05-18 11:07:00,clearance,3.6
1128,214,Osaid Husseini,Doha,Clothing,Cotton Hoodie Black,52.25,2,104.5,COMPLETED,2025-06-11 19:45:00,bestseller;limited-edition;new-arrival,2.8
1129,152,Laila Qasim,Gaza,Electronics,Mechanical Keyboard,80.75,2,161.5,PENDING,2026-07-19 10:39:00,clearance,3.3
1130,223,Bilal Hamdan,Tulkarm,Office Supplies,Heavy Duty Stapler,15.2,1,15.2,RETURNED,2025-03-17 15:29:00,eco-friendly;limited-edition;bestseller,4.7
1131,242,Mustafa Al-Masri,Jerusalem,Books,Scala for the Impatient,36.5,4,146.0,PROCESSING,2025-05-08 16:09:00,bestseller;budget,3.3
1132,158,Tariq Khatib,Bethlehem,Office Supplies,A4 Printer Paper Pack,9.6,1,9.6,CANCELLED,2025-10-09 10:40:00,budget;eco-friendly,2.7
1133,265,Kareem Nasser,Jerusalem,Sports & Outdoors,Mountain Bike Helmet,51.0,3,153.0,COMPLETED,2026-08-01 08:52:00,clearance,2.6
1134,265,Mustafa Barakat,Doha,Furniture,Monitor Arm Dual,52.4,1,52.4,COMPLETED,2026-05-25 22:40:00,premium;budget;organic,3.1
1135,276,Zaid Ghanem,Gaza,Electronics,Smart Watch v2,269.55,1,269.55,PENDING,2026-05-11 15:13:00,budget;bestseller,3.3
1136,182,Tariq Darwish,Jerusalem,Office Supplies,Whiteboard Magnetic 90x60,45.0,2,90.0,COMPLETED,2025-09-05 15:07:00,organic;new-arrival,2.9
1137,113,Omar Darwish,Dubai,Books,Designing Data-Intensive Apps,58.5,5,292.5,PROCESSING,2025-12-02 22:36:00,limited-edition;new-arrival;bestseller,3.7
1138,232,Khaled Tamimi,Bethlehem,Books,Learning Spark 2nd Ed,44.99,1,44.99,CANCELLED,2026-04-14 11:13:00,limited-edition;sale;eco-friendly,3.2
1139,253,Salma Ghanem,Amman,Electronics,Laptop Pro 15,1140.0,1,1140.0,RETURNED,2026-01-10 20:25:00,sale;gift-idea,2.6
1140,244,Noor Saleh,Amman,Clothing,Cotton Hoodie Black,49.5,1,49.5,PROCESSING,2026-07-18 12:52:00,budget;clearance;bestseller,4.9
1141,201,Tariq Husseini,Amman,Clothing,Denim Jeans Classic,40.8,1,40.8,PENDING,2026-05-28 08:02:00,bestseller,4.3
1142,222,Bilal Ziyad,Jerusalem,Home & Kitchen,Electric Kettle,25.5,1,25.5,COMPLETED,2025-06-16 14:39:00,premium;limited-edition;organic,4.3
1143,177,Salma Khalil,Jenin,Clothing,Cotton Hoodie Black,46.75,8,374.0,COMPLETED,2025-01-28 17:30:00,budget;new-arrival,4.3
1144,250,Salma Al-Masri,Amman,Sports & Outdoors,Mountain Bike Helmet,54.0,3,162.0,COMPLETED,2025-09-06 08:36:00,clearance;new-arrival;sale,3.6
1145,208,Laila Hamdan,Cairo,Furniture,LED Desk Lamp,29.75,2,59.5,PENDING,2025-03-05 19:08:00,new-arrival;eco-friendly;limited-edition,5.0
1146,223,Bilal Darwish,Jenin,Furniture,LED Desk Lamp,33.25,4,133.0,CANCELLED,2025-12-29 18:49:00,premium;organic;new-arrival,4.9
1147,172,Dina Ghanem,Hebron,Clothing,Running Sneakers White,76.0,3,228.0,RETURNED,2026-05-16 13:30:00,eco-friendly;premium,3.2
1148,247,Dina Darwish,Tulkarm,Office Supplies,Whiteboard Magnetic 90x60,33.75,5,168.75,COMPLETED,2025-10-25 08:18:00,clearance;limited-edition;organic,4.1
1149,223,Noor Odeh,Amman,Clothing,Graphic T-Shirt,22.0,2,44.0,COMPLETED,2026-08-24 11:15:00,eco-friendly,3.1
1150,160,Mohammad Mansour,Tulkarm,Clothing,Winter Wool Jacket,105.0,1,105.0,COMPLETED,2025-01-06 16:59:00,gift-idea,4.1
1151,222,Salma Odeh,Bethlehem,Clothing,Running Sneakers White,71.25,2,142.5,COMPLETED,2026-08-11 11:34:00,sale;bestseller;gift-idea,4.7
1152,146,Mohammad Darwish,Gaza,Furniture,Bookshelf 5-Tier,110.0,4,440.0,COMPLETED,2026-08-05 17:06:00,premium;organic,5.0
1153,240,Bilal Tamimi,Jerusalem,Office Supplies,Heavy Duty Stapler,16.0,2,32.0,PROCESSING,2025-04-26 13:10:00,organic;premium;bestseller,2.5
1154,187,Omar Odeh,Jerusalem,Home & Kitchen,Ceramic Cookware Set,136.0,3,408.0,COMPLETED,2025-03-30 14:42:00,bestseller,5.0
1155,223,Huda Qasim,Nablus,Clothing,Winter Wool Jacket,105.0,1,105.0,COMPLETED,2025-12-04 12:37:00,budget;sale;premium,4.1
1156,278,Yousef Abdelhaq,Doha,Electronics,Noise-Canceling Headphones,179.99,1,179.99,RETURNED,2026-05-30 22:57:00,premium;clearance;budget,3.4
1157,157,Yousef Nasser,Gaza,Furniture,LED Desk Lamp,29.75,3,89.25,COMPLETED,2026-03-02 19:35:00,eco-friendly;new-arrival,4.4
1158,275,Yasmin Beshtawi,Amman,Books,Scala for the Impatient,36.5,3,109.5,CANCELLED,2025-04-25 08:53:00,eco-friendly;new-arrival;bestseller,2.9
1159,234,Khaled Mansour,Doha,Furniture,Monitor Arm Dual,55.67,2,111.34,PENDING,2025-02-26 15:08:00,gift-idea;organic;sale,3.9
1160,273,Omar Khalil,Tulkarm,Clothing,Cotton Hoodie Black,46.75,3,140.25,COMPLETED,2025-02-16 14:22:00,clearance;eco-friendly;sale,4.8
1161,118,Salma Abdelhaq,Bethlehem,Books,Designing Data-Intensive Apps,43.88,3,131.64,RETURNED,2026-03-07 13:57:00,organic;gift-idea,3.4
1162,275,Dina Nasser,Doha,Office Supplies,Whiteboard Magnetic 90x60,38.25,1,38.25,PENDING,2026-06-26 10:46:00,sale,4.4
1163,177,Khaled Sayegh,Tulkarm,Home & Kitchen,Ceramic Cookware Set,160.0,3,480.0,PENDING,2025-12-21 10:17:00,clearance,2.6
1164,270,Rania Khalil,Hebron,Furniture,Ergonomic Office Chair,250.0,1,250.0,PENDING,2025-02-19 11:47:00,gift-idea,3.6
1165,239,Noor Abdelhaq,Jerusalem,Home & Kitchen,Air Fryer Deluxe,100.0,1,100.0,CANCELLED,2025-11-23 17:38:00,limited-edition;new-arrival;premium,4.7
1166,270,Bilal Qasim,Tulkarm,Clothing,Running Sneakers White,80.75,1,80.75,RETURNED,2025-06-29 18:43:00,eco-friendly;organic,2.6
1167,189,Zaid Khatib,Jenin,Sports & Outdoors,Insulated Water Bottle,23.27,1,23.27,PENDING,2025-07-08 20:34:00,new-arrival;budget,3.3
1168,137,Khaled Abdelhaq,Amman,Books,Clean Code Architecture,39.0,2,78.0,PENDING,2025-09-06 12:13:00,clearance;organic,4.6
1169,124,Dina Odeh,Nablus,Clothing,Winter Wool Jacket,119.0,2,238.0,COMPLETED,2025-03-16 11:51:00,eco-friendly;new-arrival;organic,3.0
1170,186,Omar Khalil,Hebron,Furniture,Ergonomic Office Chair,187.5,3,562.5,PENDING,2025-09-06 19:38:00,new-arrival;gift-idea;budget,3.9
1171,173,Zaid Ziyad,Amman,Sports & Outdoors,Camping Tent 4-Person,166.25,1,166.25,CANCELLED,2026-05-25 15:06:00,organic;limited-edition;new-arrival,3.4
1172,206,Mohammad Qasim,Cairo,Furniture,Ergonomic Office Chair,212.5,1,212.5,CANCELLED,2026-03-04 12:09:00,limited-edition,3.1
1173,246,Yousef Tamimi,Amman,Sports & Outdoors,Camping Tent 4-Person,131.25,1,131.25,PENDING,2026-05-18 15:10:00,limited-edition;bestseller;eco-friendly,4.3
1174,226,Kareem Sayegh,Doha,Electronics,USB-C Hub Multiport,33.75,1,33.75,COMPLETED,2025-02-19 20:00:00,bestseller;new-arrival,2.7
1175,139,Ahmad Odeh,Amman,Books,MongoDB The Definitive Guide,33.6,1,33.6,RETURNED,2026-05-10 18:31:00,sale,3.8
1176,206,Ahmad Khalil,Amman,Sports & Outdoors,Camping Tent 4-Person,166.25,2,332.5,COMPLETED,2026-05-30 21:44:00,gift-idea;bestseller;clearance,4.8
1177,235,Laila Qasim,Hebron,Home & Kitchen,Electric Kettle,28.5,1,28.5,COMPLETED,2026-02-11 09:23:00,organic;new-arrival,5.0
1178,158,Omar Beshtawi,Doha,Office Supplies,A4 Printer Paper Pack,10.8,1,10.8,PENDING,2026-07-20 15:03:00,sale;bestseller;clearance,3.7
1179,212,Huda Mansour,Amman,Electronics,Wireless Mouse,19.12,1,19.12,RETURNED,2026-08-04 15:17:00,clearance,4.2
1180,172,Dina Abdelhaq,Jerusalem,Office Supplies,Whiteboard Magnetic 90x60,45.0,1,45.0,CANCELLED,2025-05-28 20:52:00,gift-idea;clearance;premium,2.9
1181,162,Mustafa Darwish,Doha,Home & Kitchen,Air Fryer Deluxe,100.0,1,100.0,COMPLETED,2025-03-22 16:47:00,sale;clearance,3.6
1182,120,Huda Darwish,Jenin,Electronics,Smart Watch v2,269.55,1,269.55,PENDING,2025-08-22 13:35:00,gift-idea;bestseller,4.2
1183,270,Zaid Beshtawi,Dubai,Clothing,Denim Jeans Classic,48.0,3,144.0,COMPLETED,2025-06-07 14:45:00,bestseller;gift-idea;limited-edition,3.4
1184,124,Ahmad Ghanem,Gaza,Clothing,Running Sneakers White,95.0,1,95.0,COMPLETED,2026-03-18 15:35:00,eco-friendly;gift-idea;clearance,2.6
1185,191,Dina Beshtawi,Dubai,Home & Kitchen,Air Fryer Deluxe,125.0,4,500.0,COMPLETED,2026-02-28 14:49:00,eco-friendly,4.8
1186,163,Mustafa Khatib,Jerusalem,Sports & Outdoors,Insulated Water Bottle,23.27,1,23.27,COMPLETED,2025-10-02 15:09:00,bestseller,3.6
1187,208,Omar Tamimi,Ramallah,Clothing,Running Sneakers White,76.0,5,380.0,RETURNED,2026-05-23 17:39:00,organic,2.8
1188,178,Ahmad Darwish,Jenin,Office Supplies,Heavy Duty Stapler,12.0,1,12.0,COMPLETED,2026-03-27 13:27:00,budget;bestseller;premium,3.3
1189,278,Noor Tamimi,Jenin,Furniture,LED Desk Lamp,33.25,5,166.25,RETURNED,2026-05-18 17:50:00,limited-edition,3.4
1190,201,Tariq Mansour,Dubai,Furniture,Monitor Arm Dual,65.5,10,655.0,RETURNED,2026-07-18 08:46:00,new-arrival;organic,4.5
1191,278,Osaid Hamdan,Doha,Books,Designing Data-Intensive Apps,58.5,2,117.0,COMPLETED,2025-06-07 19:27:00,clearance;organic,5.0
1192,223,Mustafa Darwish,Amman,Home & Kitchen,Ceramic Cookware Set,120.0,2,240.0,COMPLETED,2026-07-04 17:40:00,clearance,4.4
1193,269,Tariq Al-Masri,Doha,Home & Kitchen,Espresso Coffee Maker,144.0,2,288.0,RETURNED,2026-02-14 20:21:00,clearance;sale,2.7
1194,157,Bilal Khatib,Amman,Home & Kitchen,Electric Kettle,28.5,1,28.5,PENDING,2026-04-20 20:43:00,eco-friendly;bestseller;limited-edition,5.0
1195,224,Sara Ghanem,Tulkarm,Electronics,Laptop Pro 15,960.0,3,2880.0,COMPLETED,2025-12-23 12:21:00,new-arrival;eco-friendly,3.7
1196,222,Sara Ziyad,Cairo,Sports & Outdoors,Insulated Water Bottle,23.27,1,23.27,COMPLETED,2025-04-28 08:54:00,clearance;bestseller,4.8
1197,163,Bilal Al-Masri,Amman,Furniture,Bookshelf 5-Tier,99.0,2,198.0,COMPLETED,2026-02-19 18:11:00,gift-idea,3.5
1198,258,Noor Ziyad,Dubai,Books,Clean Code Architecture,39.0,1,39.0,COMPLETED,2025-10-13 20:45:00,budget,2.8
1199,238,Kareem Saleh,Jenin,Furniture,LED Desk Lamp,28.0,1,28.0,PROCESSING,2026-05-17 16:40:00,budget;gift-idea,4.0
1200,251,Sara Saleh,Jenin,Office Supplies,Desktop Organizer Wood,16.88,2,33.76,RETURNED,2025-11-01 22:39:00,clearance;bestseller;limited-edition,2.8
1201,179,Sara Al-Masri,Jenin,Sports & Outdoors,Dumbbells Set 20kg,72.0,2,144.0,CANCELLED,2025-05-22 17:24:00,bestseller;organic,4.1
1202,278,Kareem Sayegh,Jerusalem,Books,MongoDB The Definitive Guide,39.9,1,39.9,PROCESSING,2026-04-07 17:03:00,sale;organic,2.8
1203,199,Dina Khatib,Doha,Books,Clean Code Architecture,35.1,2,70.2,RETURNED,2026-03-31 15:10:00,budget,2.6
1204,157,Omar Abdelhaq,Bethlehem,Furniture,Monitor Arm Dual,49.12,1,49.12,PENDING,2026-08-03 19:49:00,eco-friendly;budget,2.8
1205,130,Fatima Sayegh,Jenin,Home & Kitchen,Espresso Coffee Maker,162.0,3,486.0,CANCELLED,2025-08-12 14:06:00,new-arrival;premium;sale,3.6
1206,190,Osaid Ziyad,Ramallah,Office Supplies,Gel Pen Set 12-Pack,7.6,1,7.6,CANCELLED,2025-12-26 21:45:00,gift-idea;bestseller;eco-friendly,4.5
1207,153,Mohammad Saleh,Amman,Clothing,Graphic T-Shirt,20.9,2,41.8,RETURNED,2025-10-27 12:36:00,eco-friendly;clearance,2.8
1208,206,Mohammad Barakat,Doha,Furniture,Standing Desk Oak,360.0,1,360.0,COMPLETED,2025-09-11 20:53:00,gift-idea;organic;bestseller,3.9
1209,169,Rania Darwish,Gaza,Electronics,Smart Watch v2,224.62,3,673.86,COMPLETED,2026-02-17 16:47:00,limited-edition;organic,4.9
1210,184,Mustafa Khalil,Cairo,Electronics,Smart Watch v2,239.6,8,1916.8,RETURNED,2026-01-02 21:04:00,gift-idea;new-arrival;budget,4.6
1211,227,Fatima Husseini,Bethlehem,Clothing,Graphic T-Shirt,18.7,2,37.4,PROCESSING,2026-05-12 20:21:00,sale;budget;clearance,4.1
1212,218,Ahmad Mansour,Jerusalem,Books,Clean Code Architecture,35.1,1,35.1,COMPLETED,2025-05-16 22:41:00,bestseller;premium,2.7
1213,193,Fatima Beshtawi,Jenin,Sports & Outdoors,Dumbbells Set 20kg,64.0,1,64.0,COMPLETED,2025-08-28 14:41:00,clearance,2.5
1214,223,Osaid Nasser,Dubai,Furniture,Monitor Arm Dual,65.5,2,131.0,COMPLETED,2025-12-18 21:07:00,bestseller;organic,2.7
1215,199,Osaid Mansour,Ramallah,Clothing,Running Sneakers White,95.0,4,380.0,PENDING,2025-05-17 18:43:00,clearance,3.8
1216,103,Yasmin Al-Masri,Gaza,Clothing,Denim Jeans Classic,48.0,2,96.0,PENDING,2026-03-30 21:13:00,clearance,2.9
1217,132,Mustafa Darwish,Jenin,Books,MongoDB The Definitive Guide,42.0,3,126.0,COMPLETED,2025-03-28 11:35:00,budget;premium;sale,4.6
1218,269,Omar Odeh,Amman,Home & Kitchen,Electric Kettle,27.0,1,27.0,COMPLETED,2025-02-25 20:57:00,organic,3.5
1219,162,Salma Beshtawi,Amman,Electronics,Mechanical Keyboard,85.0,5,425.0,PENDING,2026-08-06 14:23:00,bestseller;organic;clearance,2.5
1220,118,Ahmad Barakat,Hebron,Electronics,Laptop Pro 15,1080.0,5,5400.0,CANCELLED,2025-10-21 18:45:00,gift-idea;budget;eco-friendly,2.7
1221,238,Dina Nasser,Bethlehem,Electronics,Mechanical Keyboard,85.0,1,85.0,PROCESSING,2025-06-09 16:20:00,budget;clearance,3.3
1222,212,Yousef Abdelhaq,Hebron,Electronics,Noise-Canceling Headphones,169.99,1,169.99,CANCELLED,2025-02-26 12:42:00,bestseller;clearance;sale,4.3
1223,280,Ahmad Al-Masri,Gaza,Clothing,Graphic T-Shirt,16.5,2,33.0,RETURNED,2025-09-23 10:23:00,premium,4.3
1224,131,Ahmad Husseini,Tulkarm,Clothing,Graphic T-Shirt,17.6,1,17.6,CANCELLED,2025-03-20 15:29:00,limited-edition;sale;organic,4.6
1225,143,Tariq Al-Masri,Bethlehem,Office Supplies,A4 Printer Paper Pack,9.6,4,38.4,RETURNED,2025-04-29 11:47:00,sale;budget;eco-friendly,3.1
1226,221,Tariq Darwish,Jerusalem,Furniture,Ergonomic Office Chair,200.0,2,400.0,RETURNED,2026-03-06 11:20:00,gift-idea,4.8
1227,182,Fatima Beshtawi,Dubai,Clothing,Cotton Hoodie Black,55.0,2,110.0,COMPLETED,2025-08-17 20:33:00,gift-idea,2.7
1228,220,Omar Ghanem,Jenin,Electronics,USB-C Hub Multiport,42.75,2,85.5,COMPLETED,2025-10-26 17:50:00,budget;new-arrival,3.7
1229,252,Salma Odeh,Cairo,Home & Kitchen,Stainless Steel Blender,67.5,1,67.5,COMPLETED,2025-08-27 16:22:00,sale;limited-edition;budget,4.4
1230,197,Omar Mansour,Hebron,Home & Kitchen,Stainless Steel Blender,75.0,1,75.0,COMPLETED,2025-10-14 09:02:00,eco-friendly,3.5
1231,196,Khaled Beshtawi,Dubai,Electronics,USB-C Hub Multiport,33.75,1,33.75,PENDING,2025-03-18 17:36:00,gift-idea,4.2
1232,134,Yousef Ghanem,Bethlehem,Office Supplies,Whiteboard Magnetic 90x60,40.5,4,162.0,RETURNED,2025-12-01 13:28:00,new-arrival;clearance,4.9
1233,135,Mustafa Mansour,Jerusalem,Electronics,Wireless Mouse,24.22,1,24.22,PENDING,2025-05-04 16:22:00,organic,3.3
1234,168,Sara Beshtawi,Jerusalem,Office Supplies,Whiteboard Magnetic 90x60,36.0,3,108.0,CANCELLED,2025-02-11 11:53:00,bestseller;clearance,4.3
1235,192,Zaid Khatib,Nablus,Sports & Outdoors,Camping Tent 4-Person,175.0,1,175.0,COMPLETED,2026-02-19 21:28:00,eco-friendly;new-arrival;clearance,3.7
1236,136,Sara Khalil,Nablus,Office Supplies,Gel Pen Set 12-Pack,7.12,1,7.12,PENDING,2026-01-17 18:40:00,clearance;premium;budget,2.6
1237,117,Noor Ziyad,Jerusalem,Electronics,Mechanical Keyboard,76.5,1,76.5,COMPLETED,2025-06-22 22:36:00,gift-idea;organic,2.6
1238,275,Rania Al-Masri,Jenin,Furniture,Standing Desk Oak,405.0,1,405.0,COMPLETED,2025-02-05 17:39:00,new-arrival;premium;organic,3.5
1239,241,Salma Abdelhaq,Ramallah,Clothing,Winter Wool Jacket,140.0,1,140.0,RETURNED,2026-06-23 11:40:00,sale;gift-idea;limited-edition,3.7
1240,225,Tariq Khatib,Jenin,Books,MongoDB The Definitive Guide,39.9,1,39.9,CANCELLED,2025-08-13 08:57:00,sale;organic,3.8
1241,250,Yousef Al-Masri,Ramallah,Furniture,Standing Desk Oak,337.5,1,337.5,PROCESSING,2025-02-27 20:14:00,gift-idea;limited-edition;bestseller,2.9
1242,252,Huda Saleh,Dubai,Electronics,Smart Watch v2,254.57,3,763.71,CANCELLED,2025-05-26 17:12:00,eco-friendly;premium,2.9
1243,110,Osaid Abdelhaq,Hebron,Home & Kitchen,Stainless Steel Blender,67.5,1,67.5,COMPLETED,2025-12-06 22:39:00,bestseller,3.4
1244,146,Huda Abdelhaq,Nablus,Furniture,Monitor Arm Dual,65.5,3,196.5,PROCESSING,2025-04-24 21:33:00,clearance;limited-edition,4.3
1245,270,Zaid Mansour,Jenin,Clothing,Running Sneakers White,95.0,1,95.0,RETURNED,2026-03-24 20:40:00,limited-edition;bestseller,4.3
1246,244,Yasmin Saleh,Hebron,Sports & Outdoors,Mountain Bike Helmet,54.0,3,162.0,COMPLETED,2025-10-29 10:11:00,sale;gift-idea;budget,3.0
1247,182,Yasmin Qasim,Doha,Home & Kitchen,Espresso Coffee Maker,180.0,5,900.0,COMPLETED,2025-03-21 11:22:00,bestseller;clearance,4.6
1248,272,Huda Ziyad,Nablus,Clothing,Denim Jeans Classic,48.0,1,48.0,COMPLETED,2025-09-20 20:06:00,sale;budget;gift-idea,3.6
1249,208,Kareem Hamdan,Gaza,Books,MongoDB The Definitive Guide,42.0,2,84.0,PROCESSING,2026-05-06 20:55:00,new-arrival;bestseller;organic,2.7
1250,109,Omar Khalil,Jenin,Clothing,Cotton Hoodie Black,55.0,1,55.0,PENDING,2025-06-14 19:04:00,clearance;limited-edition;organic,4.3
1251,211,Kareem Hamdan,Jerusalem,Electronics,Laptop Pro 15,1200.0,1,1200.0,PENDING,2026-07-22 19:59:00,eco-friendly;premium;budget,3.2
1252,125,Mohammad Darwish,Dubai,Home & Kitchen,Ceramic Cookware Set,152.0,1,152.0,COMPLETED,2026-03-14 09:18:00,budget;organic;new-arrival,2.7
1253,153,Kareem Ghanem,Ramallah,Books,Learning Spark 2nd Ed,44.99,1,44.99,PENDING,2026-05-16 22:42:00,clearance;eco-friendly,3.5
1254,195,Zaid Saleh,Jerusalem,Books,Learning Spark 2nd Ed,44.99,1,44.99,COMPLETED,2025-08-20 21:17:00,sale;bestseller;clearance,2.7
1255,189,Dina Hamdan,Dubai,Furniture,Monitor Arm Dual,58.95,1,58.95,PROCESSING,2026-06-20 14:34:00,organic;new-arrival;budget,3.2
1256,202,Mohammad Khatib,Dubai,Home & Kitchen,Electric Kettle,25.5,2,51.0,COMPLETED,2025-05-04 20:28:00,bestseller,4.9
1257,150,Laila Abdelhaq,Tulkarm,Electronics,Smart Watch v2,224.62,1,224.62,RETURNED,2025-06-01 21:38:00,limited-edition;clearance,2.7
1258,243,Zaid Sayegh,Jenin,Office Supplies,Whiteboard Magnetic 90x60,33.75,2,67.5,COMPLETED,2026-06-20 20:26:00,gift-idea,2.9
1259,246,Mustafa Mansour,Ramallah,Home & Kitchen,Espresso Coffee Maker,135.0,3,405.0,CANCELLED,2025-12-19 22:26:00,gift-idea;organic,3.9
1260,222,Mohammad Al-Masri,Bethlehem,Books,Designing Data-Intensive Apps,46.8,2,93.6,RETURNED,2026-02-16 08:25:00,new-arrival;sale,4.4
1261,169,Tariq Khalil,Jenin,Office Supplies,Whiteboard Magnetic 90x60,33.75,1,33.75,PENDING,2025-04-11 21:14:00,premium,4.9
1262,214,Huda Barakat,Cairo,Books,Scala for the Impatient,36.5,2,73.0,PENDING,2025-08-05 22:52:00,organic;eco-friendly,4.7
1263,115,Bilal Al-Masri,Ramallah,Clothing,Graphic T-Shirt,16.5,1,16.5,PROCESSING,2026-06-21 22:36:00,bestseller,3.0
1264,152,Mohammad Qasim,Nablus,Books,Learning Spark 2nd Ed,39.99,4,159.96,COMPLETED,2025-10-08 13:52:00,eco-friendly;gift-idea,4.1
1265,132,Ahmad Qasim,Jenin,Books,Scala for the Impatient,27.38,1,27.38,PENDING,2026-08-24 16:22:00,bestseller;premium,4.4
1266,277,Osaid Ghanem,Nablus,Books,Learning Spark 2nd Ed,42.49,1,42.49,PROCESSING,2025-08-08 21:14:00,new-arrival;budget;premium,4.1
1267,232,Ahmad Khalil,Gaza,Furniture,Standing Desk Oak,450.0,2,900.0,COMPLETED,2025-09-16 17:51:00,premium;gift-idea,4.7
1268,190,Khaled Barakat,Hebron,Books,MongoDB The Definitive Guide,31.5,2,63.0,CANCELLED,2026-02-11 17:06:00,eco-friendly,5.0
1269,196,Dina Ghanem,Bethlehem,Sports & Outdoors,Yoga Mat Non-Slip,26.6,2,53.2,COMPLETED,2025-11-29 21:17:00,premium;new-arrival,2.9
1270,162,Mohammad Darwish,Doha,Clothing,Denim Jeans Classic,38.4,3,115.2,PENDING,2025-10-30 12:58:00,gift-idea;budget,4.3
1271,250,Mustafa Odeh,Jenin,Sports & Outdoors,Dumbbells Set 20kg,64.0,2,128.0,PROCESSING,2026-05-03 22:42:00,eco-friendly;premium,4.6
1272,269,Dina Al-Masri,Bethlehem,Electronics,Noise-Canceling Headphones,189.99,1,189.99,RETURNED,2026-07-27 20:58:00,limited-edition,4.1
1273,157,Tariq Qasim,Cairo,Office Supplies,Whiteboard Magnetic 90x60,42.75,1,42.75,COMPLETED,2025-09-24 17:18:00,clearance;organic,2.6
1274,263,Mustafa Beshtawi,Gaza,Furniture,Monitor Arm Dual,52.4,1,52.4,PENDING,2026-06-27 12:26:00,bestseller,2.8
1275,152,Huda Hamdan,Dubai,Books,Designing Data-Intensive Apps,46.8,1,46.8,COMPLETED,2025-03-24 15:21:00,bestseller;limited-edition;sale,2.5
1276,171,Noor Al-Masri,Dubai,Office Supplies,Gel Pen Set 12-Pack,7.12,2,14.24,PROCESSING,2025-04-01 10:39:00,gift-idea;budget,3.6
1277,223,Zaid Khalil,Nablus,Home & Kitchen,Stainless Steel Blender,75.0,3,225.0,COMPLETED,2026-06-28 11:01:00,sale;new-arrival;eco-friendly,4.2
1278,189,Omar Nasser,Ramallah,Books,Scala for the Impatient,36.5,2,73.0,COMPLETED,2025-02-16 12:18:00,eco-friendly;budget,3.3
1279,276,Laila Husseini,Gaza,Clothing,Denim Jeans Classic,36.0,1,36.0,PENDING,2025-01-20 11:14:00,bestseller;new-arrival;sale,4.0
1280,144,Sara Saleh,Cairo,Sports & Outdoors,Yoga Mat Non-Slip,22.4,1,22.4,COMPLETED,2026-07-02 17:03:00,sale;clearance;budget,2.6
1281,130,Rania Ziyad,Tulkarm,Electronics,USB-C Hub Multiport,36.0,1,36.0,COMPLETED,2025-07-30 19:43:00,sale;premium;gift-idea,4.2
1282,270,Bilal Barakat,Dubai,Home & Kitchen,Stainless Steel Blender,75.0,1,75.0,CANCELLED,2025-05-01 12:07:00,organic,3.0
1283,152,Fatima Khatib,Hebron,Clothing,Winter Wool Jacket,140.0,1,140.0,CANCELLED,2026-05-24 22:13:00,organic;limited-edition;new-arrival,2.5
1284,272,Osaid Mansour,Dubai,Sports & Outdoors,Insulated Water Bottle,24.5,1,24.5,PROCESSING,2026-06-08 09:46:00,clearance;premium;new-arrival,3.6
1285,176,Fatima Ziyad,Nablus,Electronics,Wireless Mouse,19.12,4,76.48,COMPLETED,2026-01-04 20:43:00,gift-idea;clearance,2.7
1286,112,Ahmad Nasser,Doha,Sports & Outdoors,Dumbbells Set 20kg,72.0,1,72.0,CANCELLED,2025-10-02 22:46:00,limited-edition,4.5
1287,147,Sara Darwish,Tulkarm,Books,MongoDB The Definitive Guide,33.6,3,100.8,PROCESSING,2026-05-05 20:26:00,bestseller;clearance;budget,4.2
1288,116,Kareem Mansour,Tulkarm,Home & Kitchen,Ceramic Cookware Set,128.0,3,384.0,PENDING,2025-07-05 17:24:00,budget;sale,4.7
1289,134,Salma Tamimi,Ramallah,Books,Clean Code Architecture,37.05,1,37.05,RETURNED,2025-11-18 08:45:00,eco-friendly;new-arrival;limited-edition,3.8
1290,277,Yasmin Mansour,Tulkarm,Sports & Outdoors,Dumbbells Set 20kg,64.0,2,128.0,RETURNED,2026-01-30 10:53:00,budget;sale;eco-friendly,4.1
1291,141,Bilal Tamimi,Gaza,Office Supplies,Gel Pen Set 12-Pack,8.55,1,8.55,COMPLETED,2025-09-04 13:17:00,eco-friendly,3.1
1292,265,Zaid Darwish,Hebron,Electronics,Noise-Canceling Headphones,169.99,1,169.99,PENDING,2025-04-01 21:31:00,limited-edition;clearance,5.0
1293,268,Ahmad Mansour,Tulkarm,Books,Learning Spark 2nd Ed,49.99,2,99.98,PROCESSING,2025-04-04 20:38:00,premium;eco-friendly;new-arrival,4.1
1294,217,Huda Saleh,Nablus,Office Supplies,Gel Pen Set 12-Pack,9.03,3,27.09,CANCELLED,2026-04-30 19:42:00,organic;clearance,2.7
1295,269,Yousef Khalil,Jenin,Clothing,Running Sneakers White,90.25,2,180.5,RETURNED,2025-04-19 08:57:00,organic,2.9
1296,205,Sara Barakat,Dubai,Furniture,Standing Desk Oak,337.5,1,337.5,PENDING,2025-08-09 15:52:00,limited-edition,2.8
1297,207,Mohammad Mansour,Gaza,Books,Scala for the Impatient,36.5,5,182.5,PENDING,2025-01-05 16:47:00,eco-friendly,4.8
1298,250,Salma Khatib,Jerusalem,Sports & Outdoors,Mountain Bike Helmet,45.0,1,45.0,COMPLETED,2025-04-17 14:42:00,budget;limited-edition;gift-idea,3.5
1299,256,Yousef Barakat,Tulkarm,Clothing,Running Sneakers White,95.0,2,190.0,COMPLETED,2026-02-27 17:44:00,eco-friendly;premium;limited-edition,4.3
1300,242,Noor Odeh,Hebron,Home & Kitchen,Air Fryer Deluxe,100.0,2,200.0,COMPLETED,2025-07-02 16:34:00,limited-edition;clearance;budget,3.9
1301,250,Mustafa Hamdan,Doha,Sports & Outdoors,Mountain Bike Helmet,45.0,1,45.0,PENDING,2025-01-14 16:06:00,gift-idea,2.9
1302,272,Mohammad Odeh,Bethlehem,Office Supplies,Gel Pen Set 12-Pack,7.6,8,60.8,COMPLETED,2025-05-30 21:03:00,premium;new-arrival;sale,3.4
1303,216,Sara Sayegh,Hebron,Sports & Outdoors,Mountain Bike Helmet,51.0,1,51.0,PROCESSING,2025-10-22 19:42:00,gift-idea,3.5
1304,276,Huda Sayegh,Nablus,Electronics,Smart Watch v2,254.57,1,254.57,PROCESSING,2026-03-30 21:14:00,limited-edition;eco-friendly;new-arrival,4.4
1305,150,Omar Ziyad,Jerusalem,Sports & Outdoors,Yoga Mat Non-Slip,28.0,1,28.0,RETURNED,2026-06-11 09:24:00,gift-idea,3.2
1306,168,Laila Al-Masri,Dubai,Office Supplies,Whiteboard Magnetic 90x60,40.5,1,40.5,RETURNED,2025-06-08 08:09:00,budget;sale,4.4
1307,261,Yasmin Ghanem,Gaza,Office Supplies,Heavy Duty Stapler,16.0,2,32.0,PROCESSING,2025-11-22 16:14:00,eco-friendly,2.7
1308,230,Kareem Hamdan,Amman,Home & Kitchen,Ceramic Cookware Set,160.0,1,160.0,COMPLETED,2025-12-06 13:23:00,new-arrival;eco-friendly,3.7
1309,244,Ahmad Mansour,Doha,Clothing,Winter Wool Jacket,112.0,1,112.0,CANCELLED,2025-09-07 08:43:00,gift-idea;clearance,3.5
1310,239,Omar Khalil,Amman,Office Supplies,Whiteboard Magnetic 90x60,38.25,2,76.5,PENDING,2026-05-14 08:18:00,new-arrival;limited-edition;clearance,4.9
1311,143,Dina Sayegh,Nablus,Sports & Outdoors,Yoga Mat Non-Slip,22.4,1,22.4,PROCESSING,2025-08-07 21:43:00,clearance;new-arrival,3.8
1312,280,Rania Beshtawi,Cairo,Sports & Outdoors,Dumbbells Set 20kg,64.0,1,64.0,COMPLETED,2025-02-08 09:04:00,bestseller,4.5
1313,243,Osaid Qasim,Bethlehem,Books,Clean Code Architecture,35.1,2,70.2,PENDING,2025-11-20 08:24:00,clearance;eco-friendly;sale,4.1
1314,259,Osaid Abdelhaq,Cairo,Office Supplies,A4 Printer Paper Pack,10.2,1,10.2,COMPLETED,2025-10-24 20:43:00,budget;clearance,3.2
1315,213,Zaid Darwish,Doha,Electronics,Noise-Canceling Headphones,199.99,1,199.99,COMPLETED,2026-02-05 20:51:00,premium;bestseller;budget,4.2
1316,266,Tariq Khalil,Amman,Office Supplies,Heavy Duty Stapler,16.0,1,16.0,COMPLETED,2026-08-10 17:25:00,eco-friendly;clearance;premium,3.0
1317,189,Noor Hamdan,Doha,Office Supplies,Heavy Duty Stapler,16.0,1,16.0,COMPLETED,2025-09-16 11:07:00,budget,4.6
1318,241,Khaled Sayegh,Ramallah,Clothing,Cotton Hoodie Black,55.0,1,55.0,RETURNED,2026-08-18 15:21:00,bestseller;new-arrival,2.8
1319,259,Osaid Odeh,Jenin,Books,Clean Code Architecture,31.2,1,31.2,COMPLETED,2026-08-22 10:36:00,limited-edition;budget;gift-idea,2.9
1320,181,Yousef Qasim,Cairo,Sports & Outdoors,Insulated Water Bottle,23.27,1,23.27,COMPLETED,2025-12-06 22:30:00,organic;limited-edition,4.4
1321,225,Dina Mansour,Jerusalem,Sports & Outdoors,Mountain Bike Helmet,57.0,1,57.0,PROCESSING,2025-05-24 22:34:00,premium,4.3
1322,261,Osaid Beshtawi,Nablus,Office Supplies,Heavy Duty Stapler,12.0,2,24.0,CANCELLED,2026-08-16 14:49:00,new-arrival;sale;premium,3.9
1323,239,Salma Nasser,Jenin,Books,Designing Data-Intensive Apps,49.73,4,198.92,RETURNED,2025-10-25 10:29:00,eco-friendly;clearance;gift-idea,3.4
1324,103,Yousef Al-Masri,Amman,Furniture,LED Desk Lamp,29.75,1,29.75,CANCELLED,2025-05-30 19:46:00,limited-edition;sale,3.0
1325,225,Yousef Beshtawi,Bethlehem,Clothing,Denim Jeans Classic,48.0,1,48.0,CANCELLED,2026-01-05 14:30:00,sale;budget,5.0
1326,183,Sara Khatib,Doha,Office Supplies,Whiteboard Magnetic 90x60,42.75,3,128.25,CANCELLED,2026-07-12 17:11:00,gift-idea;limited-edition,4.0
1327,120,Bilal Barakat,Tulkarm,Furniture,Monitor Arm Dual,49.12,1,49.12,PROCESSING,2025-12-20 15:50:00,budget;sale,3.8
1328,136,Khaled Al-Masri,Hebron,Electronics,USB-C Hub Multiport,45.0,2,90.0,COMPLETED,2025-07-11 10:23:00,clearance;new-arrival;gift-idea,4.5
1329,130,Salma Tamimi,Gaza,Furniture,Monitor Arm Dual,49.12,1,49.12,PENDING,2025-01-23 11:02:00,budget,4.0
1330,135,Bilal Abdelhaq,Dubai,Furniture,Ergonomic Office Chair,250.0,1,250.0,CANCELLED,2026-02-20 17:36:00,sale;premium;clearance,3.0
1331,256,Salma Tamimi,Jerusalem,Furniture,LED Desk Lamp,26.25,2,52.5,CANCELLED,2025-07-06 17:42:00,premium;bestseller;limited-edition,4.8
1332,253,Mustafa Beshtawi,Hebron,Books,Clean Code Architecture,39.0,1,39.0,COMPLETED,2026-06-20 21:58:00,gift-idea;bestseller;clearance,2.9
1333,258,Yasmin Abdelhaq,Amman,Home & Kitchen,Espresso Coffee Maker,144.0,1,144.0,COMPLETED,2026-07-07 21:00:00,gift-idea;eco-friendly;budget,3.4
1334,112,Bilal Hamdan,Hebron,Office Supplies,Desktop Organizer Wood,20.25,3,60.75,COMPLETED,2026-08-13 09:27:00,premium,3.7
1335,160,Osaid Ghanem,Dubai,Home & Kitchen,Ceramic Cookware Set,160.0,1,160.0,RETURNED,2025-01-08 17:33:00,eco-friendly,2.5
1336,268,Noor Husseini,Tulkarm,Clothing,Cotton Hoodie Black,44.0,1,44.0,CANCELLED,2025-09-17 12:54:00,gift-idea;limited-edition;premium,5.0
1337,202,Noor Hamdan,Amman,Office Supplies,Heavy Duty Stapler,15.2,2,30.4,CANCELLED,2026-07-23 15:16:00,budget;limited-edition,4.4
1338,202,Laila Mansour,Cairo,Furniture,LED Desk Lamp,35.0,3,105.0,COMPLETED,2025-08-08 16:25:00,eco-friendly;sale,2.9
1339,263,Ahmad Beshtawi,Jerusalem,Books,Scala for the Impatient,36.5,1,36.5,COMPLETED,2025-08-16 13:05:00,sale;gift-idea;eco-friendly,4.0
1340,234,Omar Abdelhaq,Jerusalem,Sports & Outdoors,Insulated Water Bottle,24.5,1,24.5,PROCESSING,2026-06-15 12:12:00,budget,3.8
1341,279,Yousef Al-Masri,Doha,Electronics,Mechanical Keyboard,85.0,1,85.0,COMPLETED,2025-03-30 12:49:00,limited-edition;gift-idea,3.5
1342,152,Bilal Khalil,Cairo,Sports & Outdoors,Yoga Mat Non-Slip,23.8,4,95.2,COMPLETED,2026-07-27 22:37:00,limited-edition;premium,3.1
1343,150,Khaled Darwish,Dubai,Electronics,Mechanical Keyboard,72.25,1,72.25,COMPLETED,2026-07-27 09:32:00,limited-edition;clearance,4.5
1344,166,Dina Barakat,Cairo,Books,Clean Code Architecture,29.25,2,58.5,COMPLETED,2025-12-14 20:29:00,organic;sale;budget,2.8
1345,118,Zaid Qasim,Doha,Sports & Outdoors,Dumbbells Set 20kg,72.0,3,216.0,COMPLETED,2026-06-13 16:00:00,premium;new-arrival;budget,2.7
1346,273,Huda Beshtawi,Amman,Furniture,LED Desk Lamp,35.0,1,35.0,CANCELLED,2025-10-03 10:47:00,new-arrival;organic;budget,3.1
1347,162,Fatima Odeh,Hebron,Furniture,Standing Desk Oak,427.5,3,1282.5,COMPLETED,2025-04-20 09:58:00,organic,4.0
1348,239,Mohammad Tamimi,Jenin,Home & Kitchen,Air Fryer Deluxe,106.25,2,212.5,PROCESSING,2025-10-09 15:11:00,premium;gift-idea;new-arrival,4.4
1349,133,Mohammad Khatib,Tulkarm,Books,Scala for the Impatient,34.67,1,34.67,PENDING,2025-06-28 15:07:00,eco-friendly;organic;limited-edition,4.2
1350,104,Noor Darwish,Dubai,Electronics,Mechanical Keyboard,63.75,1,63.75,COMPLETED,2025-07-11 16:16:00,premium,3.7
1351,257,Huda Saleh,Jerusalem,Books,Clean Code Architecture,31.2,1,31.2,PROCESSING,2026-01-17 13:54:00,premium;organic,2.9
1352,134,Mustafa Qasim,Ramallah,Sports & Outdoors,Camping Tent 4-Person,148.75,3,446.25,PENDING,2026-01-26 11:09:00,bestseller;organic;sale,2.9
1353,228,Laila Khatib,Amman,Sports & Outdoors,Camping Tent 4-Person,166.25,3,498.75,COMPLETED,2026-07-30 21:36:00,gift-idea,2.7
1354,142,Mohammad Odeh,Bethlehem,Books,Learning Spark 2nd Ed,47.49,1,47.49,COMPLETED,2026-01-05 13:35:00,premium;limited-edition;sale,3.5
1355,190,Yasmin Odeh,Dubai,Home & Kitchen,Electric Kettle,22.5,1,22.5,COMPLETED,2025-12-30 13:43:00,organic;budget;clearance,3.5
1356,174,Khaled Nasser,Jerusalem,Sports & Outdoors,Camping Tent 4-Person,148.75,1,148.75,CANCELLED,2026-02-19 21:58:00,clearance,2.9
1357,159,Huda Husseini,Doha,Clothing,Running Sneakers White,85.5,2,171.0,COMPLETED,2026-04-01 20:55:00,budget;eco-friendly,4.9
1358,206,Kareem Al-Masri,Nablus,Furniture,Standing Desk Oak,360.0,2,720.0,RETURNED,2025-03-23 11:10:00,clearance;budget,2.7
1359,222,Dina Abdelhaq,Nablus,Office Supplies,Desktop Organizer Wood,22.5,2,45.0,COMPLETED,2025-09-26 17:09:00,gift-idea,3.3
1360,164,Omar Ziyad,Doha,Furniture,Standing Desk Oak,450.0,2,900.0,COMPLETED,2025-02-05 18:22:00,organic;budget,4.9
1361,239,Fatima Sayegh,Gaza,Furniture,Monitor Arm Dual,55.67,1,55.67,PENDING,2026-08-01 14:33:00,eco-friendly;premium;limited-edition,3.7
1362,159,Osaid Ziyad,Bethlehem,Clothing,Winter Wool Jacket,133.0,1,133.0,COMPLETED,2025-01-01 16:52:00,limited-edition,3.2
1363,237,Ahmad Tamimi,Gaza,Clothing,Cotton Hoodie Black,41.25,3,123.75,COMPLETED,2025-08-25 20:00:00,limited-edition;new-arrival;gift-idea,4.7
1364,212,Zaid Qasim,Jerusalem,Sports & Outdoors,Insulated Water Bottle,24.5,3,73.5,COMPLETED,2025-03-23 14:40:00,eco-friendly,4.4
1365,257,Fatima Ghanem,Doha,Sports & Outdoors,Mountain Bike Helmet,54.0,3,162.0,COMPLETED,2025-03-12 10:08:00,clearance;organic,4.0
1366,170,Yasmin Tamimi,Hebron,Clothing,Cotton Hoodie Black,46.75,1,46.75,COMPLETED,2025-07-10 09:18:00,bestseller;organic,4.3
1367,160,Osaid Nasser,Nablus,Books,Designing Data-Intensive Apps,55.57,1,55.57,PROCESSING,2026-05-26 13:29:00,sale;limited-edition;clearance,4.6
1368,138,Mohammad Barakat,Tulkarm,Electronics,USB-C Hub Multiport,45.0,2,90.0,PROCESSING,2025-09-14 21:24:00,clearance,4.9
1369,164,Zaid Ziyad,Hebron,Sports & Outdoors,Yoga Mat Non-Slip,22.4,1,22.4,PROCESSING,2025-04-07 16:42:00,organic,3.5
1370,180,Huda Al-Masri,Doha,Sports & Outdoors,Yoga Mat Non-Slip,23.8,3,71.4,CANCELLED,2025-05-06 12:30:00,premium;new-arrival;limited-edition,4.7
1371,271,Noor Mansour,Hebron,Sports & Outdoors,Insulated Water Bottle,24.5,1,24.5,PROCESSING,2025-10-10 17:07:00,new-arrival;sale,4.9
1372,249,Salma Nasser,Jenin,Office Supplies,A4 Printer Paper Pack,10.8,1,10.8,COMPLETED,2025-12-13 22:48:00,sale;budget;limited-edition,4.1
1373,280,Dina Mansour,Jerusalem,Books,Designing Data-Intensive Apps,49.73,1,49.73,PROCESSING,2025-12-22 20:57:00,new-arrival;sale,4.2
1374,192,Laila Barakat,Nablus,Books,Clean Code Architecture,33.15,2,66.3,RETURNED,2026-05-17 11:36:00,eco-friendly,3.4
1375,220,Fatima Sayegh,Jerusalem,Electronics,USB-C Hub Multiport,42.75,1,42.75,PROCESSING,2025-09-27 16:23:00,sale;eco-friendly,3.4
1376,148,Ahmad Saleh,Dubai,Furniture,Bookshelf 5-Tier,88.0,3,264.0,CANCELLED,2026-02-01 11:33:00,organic;eco-friendly;bestseller,4.0
1377,183,Rania Husseini,Ramallah,Electronics,USB-C Hub Multiport,45.0,2,90.0,PROCESSING,2025-05-13 10:55:00,new-arrival,2.8
1378,150,Sara Abdelhaq,Dubai,Sports & Outdoors,Insulated Water Bottle,20.82,2,41.64,CANCELLED,2025-09-20 08:23:00,budget,4.3
1379,104,Noor Tamimi,Ramallah,Books,Learning Spark 2nd Ed,39.99,1,39.99,PENDING,2026-01-13 20:45:00,budget,3.2
1380,111,Osaid Ghanem,Ramallah,Furniture,Monitor Arm Dual,52.4,1,52.4,COMPLETED,2026-06-29 14:12:00,eco-friendly,4.1
1381,246,Kareem Sayegh,Cairo,Home & Kitchen,Ceramic Cookware Set,120.0,3,360.0,RETURNED,2026-08-14 13:43:00,gift-idea;clearance,2.9
1382,147,Dina Darwish,Amman,Clothing,Denim Jeans Classic,40.8,2,81.6,PENDING,2025-12-27 22:20:00,limited-edition;budget;gift-idea,4.4
1383,211,Huda Qasim,Dubai,Home & Kitchen,Stainless Steel Blender,63.75,1,63.75,RETURNED,2025-09-18 13:28:00,gift-idea;sale,4.3
1384,173,Yasmin Khalil,Amman,Furniture,Bookshelf 5-Tier,110.0,1,110.0,COMPLETED,2025-11-19 08:49:00,premium;eco-friendly;bestseller,2.7
1385,218,Tariq Nasser,Jerusalem,Clothing,Running Sneakers White,95.0,4,380.0,COMPLETED,2025-09-20 20:19:00,budget,3.5
1386,156,Osaid Husseini,Gaza,Furniture,LED Desk Lamp,28.0,3,84.0,RETURNED,2026-08-14 21:58:00,budget,4.1
1387,110,Mustafa Darwish,Ramallah,Office Supplies,A4 Printer Paper Pack,11.4,4,45.6,COMPLETED,2026-03-21 14:59:00,new-arrival,4.4
1388,255,Ahmad Darwish,Nablus,Clothing,Graphic T-Shirt,18.7,1,18.7,CANCELLED,2025-06-03 13:32:00,new-arrival;bestseller;sale,4.2
1389,201,Khaled Khatib,Ramallah,Furniture,LED Desk Lamp,31.5,1,31.5,COMPLETED,2025-05-16 13:05:00,budget;sale,3.9
1390,168,Osaid Darwish,Amman,Books,Designing Data-Intensive Apps,52.65,3,157.95,CANCELLED,2025-07-22 15:25:00,budget;new-arrival;eco-friendly,3.1
1391,169,Rania Husseini,Doha,Home & Kitchen,Espresso Coffee Maker,162.0,1,162.0,PENDING,2026-01-10 13:12:00,limited-edition;sale,4.4
1392,144,Tariq Ziyad,Dubai,Furniture,LED Desk Lamp,26.25,1,26.25,COMPLETED,2025-07-24 18:23:00,clearance,2.8
1393,114,Yousef Nasser,Bethlehem,Electronics,Mechanical Keyboard,85.0,2,170.0,COMPLETED,2026-04-06 15:01:00,new-arrival;eco-friendly,3.0
1394,240,Bilal Barakat,Amman,Books,Scala for the Impatient,36.5,3,109.5,RETURNED,2025-01-19 14:37:00,eco-friendly;sale;premium,2.9
1395,173,Noor Barakat,Nablus,Books,Learning Spark 2nd Ed,39.99,1,39.99,COMPLETED,2026-01-04 21:06:00,premium,4.7
1396,267,Zaid Qasim,Tulkarm,Home & Kitchen,Espresso Coffee Maker,162.0,4,648.0,PROCESSING,2026-06-29 09:11:00,eco-friendly,4.9
1397,244,Ahmad Abdelhaq,Hebron,Home & Kitchen,Air Fryer Deluxe,112.5,1,112.5,RETURNED,2025-06-10 08:22:00,limited-edition;budget;premium,3.1
1398,229,Fatima Abdelhaq,Doha,Clothing,Winter Wool Jacket,105.0,4,420.0,COMPLETED,2026-07-23 12:14:00,limited-edition,4.7
1399,269,Laila Beshtawi,Cairo,Books,Scala for the Impatient,31.02,5,155.1,PROCESSING,2025-08-21 14:15:00,bestseller;gift-idea;premium,4.8
1400,185,Khaled Sayegh,Jerusalem,Furniture,Standing Desk Oak,360.0,2,720.0,PROCESSING,2025-07-27 21:08:00,eco-friendly;bestseller,3.6
1401,138,Mustafa Al-Masri,Jenin,Electronics,USB-C Hub Multiport,36.0,2,72.0,COMPLETED,2025-07-08 13:53:00,sale,4.4
1402,206,Rania Ghanem,Gaza,Sports & Outdoors,Camping Tent 4-Person,175.0,1,175.0,COMPLETED,2025-05-15 10:01:00,budget;premium;new-arrival,4.0
1403,160,Ahmad Saleh,Ramallah,Sports & Outdoors,Insulated Water Bottle,18.38,1,18.38,CANCELLED,2026-04-26 19:41:00,bestseller;gift-idea,3.7
1404,136,Kareem Odeh,Hebron,Electronics,Noise-Canceling Headphones,199.99,3,599.97,COMPLETED,2026-02-27 11:47:00,new-arrival;budget;clearance,2.9
1405,213,Yasmin Tamimi,Cairo,Clothing,Winter Wool Jacket,126.0,4,504.0,PENDING,2025-02-12 17:47:00,limited-edition;gift-idea,4.0
1406,247,Yasmin Sayegh,Amman,Sports & Outdoors,Yoga Mat Non-Slip,25.2,2,50.4,PENDING,2025-02-13 22:15:00,eco-friendly;gift-idea;sale,3.9
1407,233,Mohammad Odeh,Bethlehem,Books,Clean Code Architecture,29.25,4,117.0,PROCESSING,2025-10-20 15:10:00,premium;sale,4.2
1408,137,Khaled Ziyad,Ramallah,Sports & Outdoors,Mountain Bike Helmet,45.0,1,45.0,CANCELLED,2026-07-14 10:25:00,limited-edition;organic,2.6
1409,217,Mustafa Odeh,Gaza,Electronics,Mechanical Keyboard,68.0,1,68.0,RETURNED,2025-06-17 19:46:00,clearance,2.8
1410,216,Tariq Beshtawi,Amman,Sports & Outdoors,Insulated Water Bottle,20.82,3,62.46,CANCELLED,2025-06-13 14:35:00,sale;bestseller,4.8
1411,245,Laila Al-Masri,Jerusalem,Furniture,Ergonomic Office Chair,237.5,1,237.5,RETURNED,2026-04-02 12:40:00,clearance,4.7
1412,152,Ahmad Barakat,Nablus,Books,Clean Code Architecture,33.15,4,132.6,PROCESSING,2025-01-06 17:56:00,new-arrival;budget,4.0
1413,222,Khaled Hamdan,Gaza,Electronics,USB-C Hub Multiport,45.0,2,90.0,CANCELLED,2025-10-12 17:40:00,new-arrival;sale;bestseller,2.9
1414,268,Tariq Abdelhaq,Jerusalem,Office Supplies,A4 Printer Paper Pack,9.0,2,18.0,CANCELLED,2025-11-02 13:58:00,sale,2.8
1415,146,Kareem Ghanem,Dubai,Sports & Outdoors,Mountain Bike Helmet,51.0,2,102.0,COMPLETED,2026-04-12 19:37:00,sale;clearance,4.4
1416,183,Tariq Darwish,Ramallah,Office Supplies,Desktop Organizer Wood,22.5,3,67.5,COMPLETED,2026-04-28 10:07:00,premium;limited-edition;gift-idea,3.8
1417,279,Noor Abdelhaq,Ramallah,Home & Kitchen,Electric Kettle,27.0,8,216.0,RETURNED,2025-10-22 14:38:00,premium;eco-friendly,3.9
1418,260,Tariq Nasser,Dubai,Home & Kitchen,Ceramic Cookware Set,128.0,2,256.0,PENDING,2026-05-20 20:11:00,new-arrival;premium;budget,2.5
1419,107,Khaled Mansour,Cairo,Office Supplies,Gel Pen Set 12-Pack,8.55,3,25.65,PENDING,2025-02-16 13:22:00,new-arrival;sale;budget,4.2
1420,166,Osaid Ghanem,Bethlehem,Home & Kitchen,Electric Kettle,30.0,1,30.0,COMPLETED,2025-12-08 13:25:00,budget;sale;bestseller,3.0
1421,187,Salma Tamimi,Nablus,Sports & Outdoors,Dumbbells Set 20kg,64.0,2,128.0,PENDING,2026-07-04 22:21:00,gift-idea;sale,4.6
1422,177,Mustafa Husseini,Amman,Home & Kitchen,Espresso Coffee Maker,144.0,1,144.0,COMPLETED,2025-12-29 09:09:00,sale;limited-edition,5.0
1423,261,Dina Al-Masri,Dubai,Home & Kitchen,Ceramic Cookware Set,160.0,1,160.0,PROCESSING,2025-11-12 19:54:00,sale;premium,3.5
1424,228,Yousef Saleh,Gaza,Office Supplies,Whiteboard Magnetic 90x60,42.75,1,42.75,COMPLETED,2025-04-25 13:50:00,new-arrival,4.8
1425,214,Bilal Khalil,Gaza,Home & Kitchen,Stainless Steel Blender,67.5,1,67.5,RETURNED,2026-06-21 12:49:00,bestseller;clearance,4.6
1426,233,Laila Odeh,Cairo,Electronics,Noise-Canceling Headphones,149.99,1,149.99,CANCELLED,2025-04-29 08:19:00,budget,4.7
1427,186,Khaled Abdelhaq,Ramallah,Home & Kitchen,Air Fryer Deluxe,93.75,1,93.75,COMPLETED,2025-08-03 13:12:00,premium,3.2
1428,182,Khaled Mansour,Bethlehem,Furniture,Standing Desk Oak,450.0,1,450.0,CANCELLED,2026-07-28 16:06:00,eco-friendly,3.4
1429,182,Fatima Nasser,Cairo,Office Supplies,Whiteboard Magnetic 90x60,45.0,2,90.0,COMPLETED,2025-11-15 17:57:00,eco-friendly;organic,2.6
1430,108,Salma Abdelhaq,Ramallah,Books,Learning Spark 2nd Ed,44.99,1,44.99,COMPLETED,2026-04-02 17:22:00,limited-edition;new-arrival,4.3
1431,272,Dina Beshtawi,Gaza,Home & Kitchen,Stainless Steel Blender,56.25,1,56.25,RETURNED,2026-04-25 09:29:00,organic;budget,3.1
1432,158,Laila Barakat,Jenin,Books,Designing Data-Intensive Apps,46.8,2,93.6,COMPLETED,2025-11-29 15:31:00,clearance,3.7
1433,190,Salma Ziyad,Jerusalem,Clothing,Running Sneakers White,95.0,2,190.0,CANCELLED,2025-04-16 14:52:00,clearance;limited-edition;budget,4.5
1434,237,Khaled Darwish,Dubai,Books,Designing Data-Intensive Apps,49.73,2,99.46,COMPLETED,2026-05-09 14:04:00,new-arrival;gift-idea,4.5
1435,212,Mustafa Husseini,Amman,Sports & Outdoors,Dumbbells Set 20kg,64.0,1,64.0,COMPLETED,2026-08-11 21:31:00,budget,4.0
1436,184,Dina Mansour,Gaza,Furniture,Bookshelf 5-Tier,110.0,5,550.0,CANCELLED,2025-04-22 18:52:00,gift-idea;limited-edition;organic,4.1
1437,116,Osaid Odeh,Jerusalem,Home & Kitchen,Espresso Coffee Maker,144.0,3,432.0,COMPLETED,2026-04-09 16:18:00,budget;organic,3.0
1438,275,Huda Ghanem,Dubai,Office Supplies,Whiteboard Magnetic 90x60,40.5,4,162.0,RETURNED,2025-12-19 09:37:00,budget,5.0
1439,204,Laila Ghanem,Nablus,Clothing,Graphic T-Shirt,22.0,5,110.0,RETURNED,2026-07-28 21:22:00,premium,4.7
1440,161,Rania Darwish,Doha,Clothing,Winter Wool Jacket,126.0,1,126.0,CANCELLED,2025-08-05 18:11:00,bestseller;new-arrival,3.9
1441,193,Rania Nasser,Bethlehem,Office Supplies,Gel Pen Set 12-Pack,9.5,1,9.5,RETURNED,2025-01-17 10:46:00,gift-idea;bestseller,2.7
1442,265,Rania Ziyad,Cairo,Home & Kitchen,Ceramic Cookware Set,144.0,2,288.0,CANCELLED,2026-03-11 16:52:00,gift-idea;limited-edition,3.1
1443,209,Yasmin Khalil,Dubai,Books,Designing Data-Intensive Apps,55.57,3,166.71,PENDING,2026-07-14 17:23:00,sale,3.9
1444,195,Sara Tamimi,Cairo,Electronics,Wireless Mouse,21.68,3,65.04,PROCESSING,2025-10-14 15:33:00,eco-friendly,4.7
1445,123,Yousef Tamimi,Doha,Sports & Outdoors,Yoga Mat Non-Slip,23.8,2,47.6,PROCESSING,2026-08-17 12:39:00,limited-edition,3.8
1446,103,Salma Ziyad,Amman,Books,Scala for the Impatient,32.85,3,98.55,COMPLETED,2025-10-29 12:10:00,budget,4.4
1447,245,Fatima Abdelhaq,Doha,Books,Scala for the Impatient,36.5,1,36.5,RETURNED,2025-10-26 20:47:00,sale;premium;organic,2.7
1448,230,Osaid Barakat,Bethlehem,Furniture,Monitor Arm Dual,49.12,1,49.12,COMPLETED,2025-01-15 19:07:00,bestseller;budget;organic,3.4
1449,145,Fatima Qasim,Gaza,Furniture,Monitor Arm Dual,62.22,4,248.88,COMPLETED,2025-05-29 17:59:00,organic,4.4
1450,206,Zaid Qasim,Doha,Books,Designing Data-Intensive Apps,46.8,1,46.8,PROCESSING,2025-12-20 08:41:00,clearance;sale,2.9
1451,203,Salma Ghanem,Gaza,Sports & Outdoors,Mountain Bike Helmet,48.0,1,48.0,RETURNED,2026-02-04 15:16:00,eco-friendly,4.7
1452,104,Omar Ziyad,Tulkarm,Sports & Outdoors,Camping Tent 4-Person,140.0,5,700.0,COMPLETED,2025-04-10 22:34:00,limited-edition;gift-idea;premium,3.3
1453,169,Sara Barakat,Doha,Home & Kitchen,Ceramic Cookware Set,128.0,2,256.0,RETURNED,2025-09-05 19:43:00,new-arrival;eco-friendly;limited-edition,4.2
1454,147,Huda Sayegh,Nablus,Sports & Outdoors,Yoga Mat Non-Slip,28.0,3,84.0,PENDING,2025-04-11 16:06:00,organic;limited-edition;new-arrival,4.3
1455,165,Noor Abdelhaq,Nablus,Home & Kitchen,Espresso Coffee Maker,153.0,1,153.0,RETURNED,2025-08-11 17:40:00,clearance,2.7
1456,255,Laila Darwish,Doha,Office Supplies,Heavy Duty Stapler,16.0,3,48.0,COMPLETED,2025-07-08 12:18:00,clearance;organic,4.8
1457,171,Rania Husseini,Bethlehem,Furniture,Ergonomic Office Chair,250.0,1,250.0,PENDING,2026-02-02 13:03:00,premium;bestseller,3.6
1458,226,Noor Darwish,Jerusalem,Sports & Outdoors,Insulated Water Bottle,20.82,1,20.82,PROCESSING,2026-03-18 11:39:00,clearance;organic;premium,2.8
1459,119,Osaid Barakat,Gaza,Electronics,Noise-Canceling Headphones,159.99,1,159.99,COMPLETED,2025-02-08 18:24:00,bestseller;limited-edition,4.8
1460,248,Ahmad Khatib,Cairo,Office Supplies,Desktop Organizer Wood,20.25,2,40.5,PROCESSING,2025-03-13 16:14:00,gift-idea,4.9
1461,224,Sara Sayegh,Jenin,Clothing,Running Sneakers White,76.0,1,76.0,RETURNED,2025-04-03 13:34:00,clearance;organic,4.4
1462,175,Noor Al-Masri,Amman,Electronics,Noise-Canceling Headphones,189.99,2,379.98,RETURNED,2026-02-04 22:06:00,limited-edition;organic;clearance,4.7
1463,213,Noor Nasser,Nablus,Furniture,Ergonomic Office Chair,212.5,3,637.5,COMPLETED,2026-05-16 14:04:00,premium;organic;eco-friendly,4.9
1464,105,Mohammad Husseini,Nablus,Clothing,Cotton Hoodie Black,55.0,1,55.0,PROCESSING,2026-06-20 15:43:00,bestseller;new-arrival;clearance,2.6
1465,137,Salma Khalil,Gaza,Home & Kitchen,Espresso Coffee Maker,144.0,1,144.0,COMPLETED,2025-01-15 10:40:00,premium,4.6
1466,125,Khaled Al-Masri,Dubai,Electronics,Laptop Pro 15,1020.0,1,1020.0,PROCESSING,2025-08-14 09:51:00,gift-idea,3.3
1467,274,Zaid Husseini,Ramallah,Sports & Outdoors,Mountain Bike Helmet,57.0,2,114.0,PROCESSING,2025-08-07 20:02:00,bestseller;limited-edition;clearance,2.8
1468,137,Rania Al-Masri,Cairo,Clothing,Graphic T-Shirt,22.0,1,22.0,CANCELLED,2025-02-11 10:06:00,budget;gift-idea;bestseller,2.5
1469,225,Osaid Khalil,Nablus,Furniture,Ergonomic Office Chair,212.5,3,637.5,COMPLETED,2026-03-03 19:51:00,bestseller;new-arrival,2.9
1470,170,Bilal Ziyad,Tulkarm,Furniture,Standing Desk Oak,450.0,2,900.0,CANCELLED,2025-07-04 19:31:00,clearance;premium;limited-edition,3.5
1471,243,Yousef Odeh,Ramallah,Home & Kitchen,Espresso Coffee Maker,135.0,2,270.0,PROCESSING,2026-07-07 16:14:00,new-arrival;premium,2.6
1472,129,Laila Tamimi,Gaza,Furniture,Standing Desk Oak,450.0,2,900.0,COMPLETED,2026-01-08 12:13:00,premium;limited-edition,4.0
1473,217,Mohammad Mansour,Cairo,Electronics,USB-C Hub Multiport,33.75,1,33.75,COMPLETED,2026-05-12 16:07:00,new-arrival,4.3
1474,252,Mustafa Husseini,Tulkarm,Furniture,Bookshelf 5-Tier,110.0,1,110.0,COMPLETED,2025-08-22 09:15:00,gift-idea;new-arrival;budget,4.7
1475,119,Salma Tamimi,Nablus,Books,Designing Data-Intensive Apps,49.73,1,49.73,PENDING,2025-07-02 14:23:00,organic,4.3
1476,262,Tariq Barakat,Hebron,Clothing,Denim Jeans Classic,40.8,1,40.8,COMPLETED,2025-10-15 10:07:00,organic;gift-idea,2.9
1477,188,Yousef Ghanem,Dubai,Furniture,Monitor Arm Dual,55.67,4,222.68,CANCELLED,2025-08-24 09:26:00,organic;new-arrival;budget,4.6
1478,172,Ahmad Hamdan,Cairo,Office Supplies,Gel Pen Set 12-Pack,8.55,1,8.55,CANCELLED,2025-08-16 22:59:00,bestseller;sale;gift-idea,5.0
1479,111,Salma Khatib,Nablus,Books,Scala for the Impatient,27.38,1,27.38,PROCESSING,2025-04-11 15:31:00,clearance,3.9
1480,104,Rania Odeh,Jerusalem,Clothing,Running Sneakers White,95.0,1,95.0,COMPLETED,2026-05-07 18:19:00,organic,4.6
1481,250,Ahmad Ziyad,Gaza,Office Supplies,Gel Pen Set 12-Pack,8.55,4,34.2,COMPLETED,2026-01-15 18:29:00,sale;clearance;gift-idea,4.7
1482,186,Bilal Abdelhaq,Bethlehem,Books,MongoDB The Definitive Guide,35.7,2,71.4,CANCELLED,2026-08-13 20:13:00,clearance;limited-edition;sale,3.8
1483,273,Tariq Abdelhaq,Ramallah,Books,MongoDB The Definitive Guide,42.0,2,84.0,COMPLETED,2026-01-11 10:41:00,clearance;eco-friendly;new-arrival,2.8
1484,186,Yousef Sayegh,Ramallah,Sports & Outdoors,Insulated Water Bottle,18.38,3,55.14,CANCELLED,2025-08-03 20:47:00,limited-edition,3.4
1485,169,Bilal Hamdan,Bethlehem,Electronics,Laptop Pro 15,1080.0,1,1080.0,PENDING,2026-05-29 16:53:00,organic,4.3
1486,274,Dina Ghanem,Gaza,Home & Kitchen,Air Fryer Deluxe,100.0,3,300.0,PROCESSING,2025-03-09 11:57:00,clearance;budget,3.5
1487,146,Omar Beshtawi,Ramallah,Furniture,Bookshelf 5-Tier,110.0,1,110.0,PENDING,2025-06-04 21:13:00,sale;premium;gift-idea,4.9
1488,239,Laila Tamimi,Jenin,Books,Clean Code Architecture,39.0,3,117.0,COMPLETED,2025-07-13 09:01:00,eco-friendly,4.1
1489,206,Mustafa Husseini,Doha,Sports & Outdoors,Camping Tent 4-Person,140.0,2,280.0,RETURNED,2026-06-27 21:35:00,organic;premium,3.9
1490,179,Kareem Barakat,Hebron,Books,MongoDB The Definitive Guide,31.5,8,252.0,PROCESSING,2025-02-18 10:22:00,organic;bestseller,4.0
1491,142,Dina Ghanem,Jerusalem,Furniture,Standing Desk Oak,450.0,1,450.0,COMPLETED,2025-11-21 17:08:00,premium;limited-edition,3.0
1492,244,Mohammad Husseini,Jenin,Furniture,Bookshelf 5-Tier,110.0,1,110.0,CANCELLED,2025-11-05 09:58:00,gift-idea,4.8
1493,138,Khaled Husseini,Jerusalem,Electronics,Smart Watch v2,254.57,2,509.14,COMPLETED,2025-10-30 15:57:00,budget;bestseller,4.5
1494,214,Huda Mansour,Cairo,Books,Learning Spark 2nd Ed,42.49,1,42.49,COMPLETED,2025-11-12 08:25:00,new-arrival;organic;limited-edition,2.7
1495,115,Yasmin Odeh,Dubai,Home & Kitchen,Stainless Steel Blender,56.25,3,168.75,COMPLETED,2025-07-20 08:05:00,organic;clearance;gift-idea,3.0
1496,182,Yasmin Khatib,Nablus,Sports & Outdoors,Camping Tent 4-Person,140.0,1,140.0,PROCESSING,2026-03-14 13:24:00,sale;premium,3.4
1497,179,Khaled Sayegh,Ramallah,Furniture,LED Desk Lamp,31.5,3,94.5,PROCESSING,2026-03-30 12:10:00,gift-idea;budget;bestseller,4.6
1498,254,Osaid Nasser,Hebron,Clothing,Winter Wool Jacket,119.0,8,952.0,COMPLETED,2025-03-09 22:37:00,clearance;sale,3.5
1499,170,Rania Al-Masri,Amman,Books,Scala for the Impatient,36.5,3,109.5,COMPLETED,2025-07-10 21:24:00,eco-friendly;organic,2.6
1500,178,Mustafa Ghanem,Gaza,Home & Kitchen,Ceramic Cookware Set,120.0,1,120.0,COMPLETED,2025-06-07 12:19:00,organic;clearance;premium,3.5
1501,226,Yousef Khalil,Ramallah,Office Supplies,Whiteboard Magnetic 90x60,45.0,2,90.0,CANCELLED,2026-01-06 17:30:00,gift-idea;premium;organic,4.9
1502,131,Tariq Khatib,Cairo,Home & Kitchen,Espresso Coffee Maker,180.0,3,540.0,CANCELLED,2025-03-01 10:20:00,bestseller;limited-edition,2.9
1503,170,Tariq Hamdan,Doha,Clothing,Cotton Hoodie Black,46.75,1,46.75,RETURNED,2025-03-20 16:12:00,bestseller;clearance;budget,3.9
1504,181,Omar Barakat,Doha,Sports & Outdoors,Camping Tent 4-Person,148.75,1,148.75,COMPLETED,2025-05-28 08:08:00,premium;limited-edition;organic,3.5
1505,142,Sara Odeh,Jerusalem,Home & Kitchen,Stainless Steel Blender,56.25,3,168.75,CANCELLED,2026-06-23 21:34:00,eco-friendly;clearance;gift-idea,3.7
1506,120,Sara Nasser,Nablus,Books,MongoDB The Definitive Guide,39.9,1,39.9,COMPLETED,2026-03-29 22:38:00,limited-edition;bestseller;premium,2.6
1507,131,Yousef Nasser,Cairo,Furniture,Standing Desk Oak,450.0,1,450.0,COMPLETED,2025-03-22 14:44:00,clearance,2.5
1508,224,Rania Abdelhaq,Hebron,Electronics,Laptop Pro 15,1020.0,3,3060.0,CANCELLED,2025-03-02 15:07:00,sale;clearance,3.3
1509,103,Sara Mansour,Dubai,Furniture,Monitor Arm Dual,65.5,4,262.0,RETURNED,2025-12-26 08:05:00,premium,4.9
1510,190,Tariq Al-Masri,Amman,Office Supplies,Heavy Duty Stapler,13.6,1,13.6,COMPLETED,2025-04-12 21:37:00,eco-friendly,3.0
1511,150,Omar Al-Masri,Amman,Electronics,Smart Watch v2,299.5,1,299.5,CANCELLED,2026-05-02 13:44:00,bestseller;organic;clearance,3.0
1512,191,Zaid Hamdan,Hebron,Home & Kitchen,Stainless Steel Blender,56.25,1,56.25,COMPLETED,2025-05-07 15:07:00,bestseller;organic;limited-edition,4.3
1513,243,Mohammad Beshtawi,Jenin,Books,Learning Spark 2nd Ed,44.99,1,44.99,CANCELLED,2025-11-16 18:53:00,new-arrival;eco-friendly,3.5
1514,210,Noor Beshtawi,Gaza,Sports & Outdoors,Camping Tent 4-Person,140.0,1,140.0,PENDING,2025-04-18 14:28:00,clearance;budget;bestseller,3.5
1515,278,Mustafa Mansour,Cairo,Furniture,Ergonomic Office Chair,250.0,1,250.0,COMPLETED,2025-07-25 17:54:00,clearance;new-arrival,4.6
1516,228,Fatima Barakat,Doha,Books,MongoDB The Definitive Guide,35.7,2,71.4,PENDING,2026-05-12 16:17:00,organic,2.8
1517,165,Salma Tamimi,Hebron,Sports & Outdoors,Dumbbells Set 20kg,64.0,1,64.0,COMPLETED,2025-03-11 15:43:00,bestseller,3.5
1518,274,Huda Nasser,Bethlehem,Home & Kitchen,Electric Kettle,30.0,1,30.0,RETURNED,2026-06-17 20:31:00,new-arrival;premium,4.2
1519,226,Bilal Barakat,Amman,Clothing,Graphic T-Shirt,16.5,2,33.0,COMPLETED,2026-03-17 22:58:00,gift-idea,3.6
1520,197,Khaled Ziyad,Nablus,Electronics,Wireless Mouse,19.12,2,38.24,PROCESSING,2025-11-07 22:45:00,organic,3.6
1521,180,Zaid Tamimi,Ramallah,Home & Kitchen,Ceramic Cookware Set,128.0,2,256.0,CANCELLED,2026-08-09 15:30:00,bestseller;eco-friendly;sale,3.5
1522,227,Mustafa Darwish,Dubai,Sports & Outdoors,Camping Tent 4-Person,166.25,3,498.75,COMPLETED,2025-03-04 08:37:00,bestseller,4.6
1523,190,Mustafa Khalil,Doha,Clothing,Winter Wool Jacket,133.0,1,133.0,COMPLETED,2026-02-26 13:03:00,new-arrival;budget;eco-friendly,4.1
1524,252,Osaid Beshtawi,Bethlehem,Electronics,Mechanical Keyboard,72.25,1,72.25,COMPLETED,2025-02-08 15:42:00,budget;eco-friendly,4.8
1525,169,Ahmad Tamimi,Dubai,Electronics,Mechanical Keyboard,76.5,1,76.5,COMPLETED,2026-08-10 09:51:00,clearance;new-arrival,3.3
1526,229,Huda Al-Masri,Dubai,Clothing,Running Sneakers White,95.0,5,475.0,PENDING,2025-03-19 21:54:00,new-arrival;premium;eco-friendly,2.6
1527,247,Zaid Qasim,Dubai,Sports & Outdoors,Yoga Mat Non-Slip,23.8,3,71.4,COMPLETED,2025-12-11 12:04:00,eco-friendly;organic;gift-idea,3.0
1528,120,Omar Khatib,Bethlehem,Books,Scala for the Impatient,32.85,1,32.85,PENDING,2025-09-15 17:32:00,eco-friendly;bestseller,4.7
1529,261,Bilal Al-Masri,Dubai,Books,Designing Data-Intensive Apps,43.88,2,87.76,RETURNED,2026-04-24 12:59:00,eco-friendly;gift-idea;sale,3.8
1530,194,Khaled Nasser,Hebron,Furniture,Bookshelf 5-Tier,99.0,3,297.0,COMPLETED,2025-03-07 18:13:00,premium;budget,4.1
1531,166,Yasmin Qasim,Tulkarm,Furniture,Ergonomic Office Chair,250.0,1,250.0,COMPLETED,2025-11-14 15:31:00,gift-idea;budget;sale,3.0
1532,170,Laila Khalil,Bethlehem,Office Supplies,Whiteboard Magnetic 90x60,45.0,2,90.0,RETURNED,2025-02-13 19:31:00,sale,4.6
1533,122,Huda Ghanem,Ramallah,Books,MongoDB The Definitive Guide,42.0,2,84.0,PENDING,2025-05-24 11:07:00,eco-friendly;clearance;premium,3.7
1534,124,Yousef Mansour,Jenin,Clothing,Graphic T-Shirt,16.5,3,49.5,RETURNED,2025-08-30 22:27:00,bestseller,2.8
1535,155,Fatima Ziyad,Tulkarm,Clothing,Graphic T-Shirt,18.7,1,18.7,COMPLETED,2025-04-26 13:34:00,organic;new-arrival,4.9
1536,138,Tariq Tamimi,Cairo,Clothing,Running Sneakers White,80.75,1,80.75,COMPLETED,2025-02-25 19:58:00,new-arrival;premium;gift-idea,3.3
1537,280,Tariq Mansour,Amman,Office Supplies,Gel Pen Set 12-Pack,8.55,4,34.2,COMPLETED,2026-02-07 22:58:00,premium;clearance,4.8
1538,161,Omar Odeh,Jerusalem,Books,MongoDB The Definitive Guide,31.5,4,126.0,RETURNED,2026-02-21 20:02:00,clearance;organic,3.7
1539,206,Huda Hamdan,Ramallah,Office Supplies,Gel Pen Set 12-Pack,8.07,2,16.14,COMPLETED,2025-12-27 14:38:00,eco-friendly;limited-edition;organic,4.2
1540,114,Kareem Ziyad,Doha,Furniture,Ergonomic Office Chair,200.0,1,200.0,COMPLETED,2025-11-18 17:05:00,bestseller,3.1
1541,267,Laila Hamdan,Jenin,Books,Clean Code Architecture,39.0,4,156.0,COMPLETED,2025-06-27 18:37:00,premium;new-arrival,2.7
1542,195,Kareem Darwish,Tulkarm,Office Supplies,Heavy Duty Stapler,16.0,1,16.0,CANCELLED,2025-08-23 22:05:00,new-arrival;premium,4.3
1543,144,Mohammad Darwish,Dubai,Books,Scala for the Impatient,36.5,1,36.5,COMPLETED,2025-06-24 17:07:00,eco-friendly,3.6
1544,217,Salma Mansour,Hebron,Sports & Outdoors,Dumbbells Set 20kg,60.0,1,60.0,PROCESSING,2025-09-30 12:47:00,gift-idea;bestseller,3.6
1545,153,Yasmin Odeh,Bethlehem,Sports & Outdoors,Dumbbells Set 20kg,72.0,1,72.0,PROCESSING,2025-05-30 08:18:00,new-arrival;organic,4.8
1546,195,Mustafa Ziyad,Ramallah,Electronics,Noise-Canceling Headphones,189.99,1,189.99,RETURNED,2026-02-12 18:13:00,gift-idea;budget;premium,2.7
1547,243,Mohammad Abdelhaq,Jenin,Furniture,LED Desk Lamp,29.75,4,119.0,RETURNED,2025-02-16 08:16:00,budget;gift-idea;premium,4.9
1548,272,Tariq Nasser,Amman,Electronics,USB-C Hub Multiport,45.0,1,45.0,CANCELLED,2026-05-20 22:21:00,bestseller;clearance,3.3
1549,236,Rania Nasser,Bethlehem,Electronics,Mechanical Keyboard,85.0,1,85.0,PENDING,2025-10-15 19:23:00,premium;budget,4.0
1550,168,Bilal Husseini,Tulkarm,Furniture,Bookshelf 5-Tier,99.0,3,297.0,PROCESSING,2025-06-04 16:54:00,organic;sale;new-arrival,2.9
1551,159,Kareem Abdelhaq,Gaza,Clothing,Denim Jeans Classic,43.2,3,129.6,COMPLETED,2026-05-22 08:28:00,eco-friendly;organic,3.6
1552,129,Laila Mansour,Jenin,Electronics,Wireless Mouse,25.5,4,102.0,PROCESSING,2025-06-22 19:32:00,budget;new-arrival,4.0
1553,102,Bilal Al-Masri,Tulkarm,Electronics,Wireless Mouse,20.4,3,61.2,COMPLETED,2025-12-03 08:18:00,clearance;gift-idea;limited-edition,4.0
1554,128,Huda Nasser,Nablus,Electronics,Noise-Canceling Headphones,159.99,3,479.97,PENDING,2026-04-10 18:17:00,sale;limited-edition;budget,4.1
1555,216,Huda Nasser,Hebron,Office Supplies,A4 Printer Paper Pack,11.4,3,34.2,COMPLETED,2025-02-26 19:04:00,budget;gift-idea;clearance,3.5
1556,146,Yousef Darwish,Ramallah,Electronics,Wireless Mouse,19.12,1,19.12,PENDING,2025-10-19 18:48:00,bestseller;clearance;premium,3.7
1557,211,Omar Nasser,Jenin,Sports & Outdoors,Yoga Mat Non-Slip,23.8,3,71.4,COMPLETED,2026-05-17 15:56:00,organic;premium,3.9
1558,209,Osaid Hamdan,Jenin,Home & Kitchen,Stainless Steel Blender,67.5,1,67.5,COMPLETED,2025-02-11 16:21:00,new-arrival;bestseller,4.8
1559,235,Bilal Beshtawi,Bethlehem,Books,Clean Code Architecture,29.25,1,29.25,PENDING,2025-11-04 10:08:00,premium;new-arrival;gift-idea,3.2
1560,113,Dina Beshtawi,Nablus,Home & Kitchen,Espresso Coffee Maker,162.0,2,324.0,COMPLETED,2026-04-21 18:46:00,premium;limited-edition;budget,4.0
1561,229,Ahmad Mansour,Cairo,Sports & Outdoors,Insulated Water Bottle,24.5,1,24.5,PROCESSING,2026-02-07 08:05:00,premium;limited-edition,4.0
1562,217,Khaled Barakat,Jenin,Office Supplies,Gel Pen Set 12-Pack,9.5,1,9.5,RETURNED,2025-09-23 21:43:00,gift-idea,3.8
1563,102,Zaid Mansour,Nablus,Furniture,LED Desk Lamp,31.5,2,63.0,PROCESSING,2026-05-14 12:39:00,limited-edition;gift-idea;premium,2.7
1564,135,Ahmad Odeh,Ramallah,Office Supplies,A4 Printer Paper Pack,12.0,2,24.0,PROCESSING,2025-01-28 11:30:00,bestseller;new-arrival;gift-idea,4.6
1565,238,Noor Beshtawi,Bethlehem,Office Supplies,Desktop Organizer Wood,20.25,1,20.25,COMPLETED,2025-04-30 10:57:00,organic,4.9
1566,221,Ahmad Ziyad,Dubai,Furniture,Standing Desk Oak,337.5,1,337.5,PROCESSING,2026-02-06 08:21:00,clearance,4.1
1567,211,Rania Tamimi,Cairo,Home & Kitchen,Electric Kettle,28.5,3,85.5,COMPLETED,2026-05-15 14:31:00,budget;organic;new-arrival,4.3
1568,236,Ahmad Hamdan,Dubai,Clothing,Graphic T-Shirt,17.6,1,17.6,PENDING,2026-04-30 09:31:00,limited-edition;organic;gift-idea,2.6
1569,174,Noor Tamimi,Jenin,Books,Designing Data-Intensive Apps,49.73,2,99.46,RETURNED,2025-12-14 22:38:00,organic;bestseller;premium,4.3
1570,200,Rania Saleh,Gaza,Office Supplies,Gel Pen Set 12-Pack,9.03,2,18.06,RETURNED,2025-03-30 18:30:00,bestseller,3.0
1571,256,Salma Mansour,Tulkarm,Books,MongoDB The Definitive Guide,35.7,1,35.7,COMPLETED,2025-01-19 13:56:00,limited-edition;bestseller,2.9
1572,229,Mohammad Beshtawi,Jenin,Books,Learning Spark 2nd Ed,49.99,2,99.98,CANCELLED,2025-08-18 15:16:00,limited-edition;sale,4.4
1573,243,Fatima Nasser,Cairo,Office Supplies,Heavy Duty Stapler,16.0,2,32.0,RETURNED,2025-02-21 22:28:00,clearance;budget,4.5
1574,257,Sara Sayegh,Nablus,Home & Kitchen,Espresso Coffee Maker,180.0,1,180.0,PROCESSING,2025-07-30 22:23:00,premium,4.3
1575,230,Salma Mansour,Jerusalem,Sports & Outdoors,Camping Tent 4-Person,175.0,1,175.0,COMPLETED,2025-07-26 15:26:00,new-arrival,4.6
1576,222,Huda Ghanem,Amman,Furniture,Ergonomic Office Chair,200.0,1,200.0,PROCESSING,2026-03-01 13:40:00,new-arrival;bestseller;gift-idea,4.5
1577,136,Rania Hamdan,Tulkarm,Books,Scala for the Impatient,34.67,3,104.01,COMPLETED,2026-03-30 10:49:00,eco-friendly,4.9
1578,122,Huda Husseini,Tulkarm,Office Supplies,Gel Pen Set 12-Pack,8.55,1,8.55,PROCESSING,2025-02-07 18:59:00,bestseller;sale;premium,3.5
1579,275,Dina Ghanem,Cairo,Sports & Outdoors,Camping Tent 4-Person,175.0,4,700.0,PROCESSING,2025-10-14 22:33:00,bestseller;gift-idea;organic,4.1
1580,240,Yasmin Ziyad,Cairo,Clothing,Winter Wool Jacket,133.0,3,399.0,COMPLETED,2025-02-07 16:21:00,bestseller;eco-friendly,5.0
1581,173,Noor Beshtawi,Amman,Home & Kitchen,Air Fryer Deluxe,93.75,2,187.5,RETURNED,2025-06-13 08:01:00,budget;premium;new-arrival,4.6
1582,178,Rania Khatib,Ramallah,Sports & Outdoors,Yoga Mat Non-Slip,26.6,3,79.8,RETURNED,2026-06-04 13:07:00,clearance,3.6
1583,247,Ahmad Ziyad,Jenin,Furniture,Monitor Arm Dual,52.4,2,104.8,RETURNED,2026-07-01 21:38:00,limited-edition,3.2
1584,271,Mustafa Nasser,Cairo,Books,Scala for the Impatient,36.5,3,109.5,COMPLETED,2026-06-13 17:12:00,organic;clearance,2.9
1585,209,Rania Beshtawi,Ramallah,Electronics,Noise-Canceling Headphones,179.99,4,719.96,COMPLETED,2026-04-02 09:23:00,eco-friendly;gift-idea;budget,4.7
1586,250,Salma Hamdan,Gaza,Sports & Outdoors,Insulated Water Bottle,22.05,3,66.15,PROCESSING,2025-06-16 10:32:00,organic,4.3
1587,134,Bilal Khatib,Ramallah,Sports & Outdoors,Dumbbells Set 20kg,80.0,2,160.0,RETURNED,2025-06-10 16:23:00,budget,4.6
1588,129,Sara Saleh,Dubai,Clothing,Cotton Hoodie Black,55.0,2,110.0,COMPLETED,2025-11-09 13:19:00,organic;sale,4.5
1589,137,Mustafa Hamdan,Nablus,Clothing,Running Sneakers White,71.25,1,71.25,RETURNED,2026-05-16 08:07:00,limited-edition;clearance;sale,3.5
1590,247,Omar Ziyad,Jenin,Office Supplies,Desktop Organizer Wood,18.0,2,36.0,PROCESSING,2025-05-16 20:08:00,organic;budget;eco-friendly,2.9
1591,184,Osaid Hamdan,Tulkarm,Furniture,LED Desk Lamp,35.0,1,35.0,RETURNED,2026-03-30 19:17:00,clearance;bestseller;sale,3.9
1592,180,Dina Mansour,Doha,Home & Kitchen,Espresso Coffee Maker,153.0,1,153.0,CANCELLED,2026-08-14 20:03:00,eco-friendly;new-arrival;organic,3.8
1593,105,Sara Sayegh,Jerusalem,Electronics,Mechanical Keyboard,85.0,3,255.0,PROCESSING,2026-08-17 15:05:00,budget;limited-edition;gift-idea,4.0
1594,226,Ahmad Husseini,Tulkarm,Furniture,LED Desk Lamp,29.75,1,29.75,COMPLETED,2026-01-27 12:05:00,clearance,3.9
1595,174,Laila Al-Masri,Bethlehem,Office Supplies,A4 Printer Paper Pack,10.8,1,10.8,RETURNED,2025-06-23 08:39:00,bestseller;sale,4.3
1596,177,Zaid Mansour,Jenin,Furniture,LED Desk Lamp,33.25,4,133.0,PENDING,2025-05-04 08:12:00,budget,4.0
1597,227,Bilal Khatib,Tulkarm,Electronics,Mechanical Keyboard,76.5,1,76.5,CANCELLED,2026-02-21 09:30:00,gift-idea,4.1
1598,105,Fatima Sayegh,Dubai,Sports & Outdoors,Yoga Mat Non-Slip,23.8,1,23.8,RETURNED,2025-05-09 12:36:00,organic;clearance,4.6
1599,229,Noor Nasser,Jenin,Home & Kitchen,Stainless Steel Blender,63.75,3,191.25,PENDING,2026-07-23 15:02:00,organic,4.9
1600,259,Omar Al-Masri,Nablus,Electronics,Noise-Canceling Headphones,189.99,1,189.99,PROCESSING,2026-01-25 13:53:00,new-arrival;eco-friendly;premium,2.6
1601,237,Mustafa Beshtawi,Bethlehem,Electronics,Noise-Canceling Headphones,149.99,2,299.98,COMPLETED,2026-07-24 12:56:00,new-arrival;eco-friendly,4.9
1602,182,Huda Barakat,Cairo,Books,MongoDB The Definitive Guide,39.9,1,39.9,COMPLETED,2025-08-04 15:38:00,sale;bestseller,4.1
1603,101,Yasmin Tamimi,Nablus,Electronics,Smart Watch v2,254.57,1,254.57,RETURNED,2026-05-16 20:25:00,clearance;budget;sale,4.7
1604,272,Khaled Mansour,Jenin,Office Supplies,Desktop Organizer Wood,21.38,3,64.14,PENDING,2025-07-01 21:49:00,sale;clearance;organic,3.4
1605,150,Khaled Khalil,Hebron,Sports & Outdoors,Yoga Mat Non-Slip,22.4,3,67.2,RETURNED,2026-01-02 11:05:00,premium;new-arrival;eco-friendly,5.0
1606,193,Mohammad Barakat,Gaza,Sports & Outdoors,Mountain Bike Helmet,60.0,1,60.0,PROCESSING,2026-02-10 09:55:00,budget;eco-friendly,3.7
1607,242,Noor Al-Masri,Ramallah,Home & Kitchen,Stainless Steel Blender,75.0,3,225.0,COMPLETED,2026-08-07 21:14:00,premium;new-arrival;sale,5.0
1608,278,Dina Barakat,Doha,Home & Kitchen,Ceramic Cookware Set,144.0,1,144.0,RETURNED,2025-02-23 21:20:00,gift-idea;premium,2.8
1609,233,Khaled Tamimi,Jenin,Home & Kitchen,Espresso Coffee Maker,180.0,4,720.0,COMPLETED,2025-10-12 22:26:00,organic;limited-edition;sale,3.5
1610,186,Osaid Khalil,Cairo,Furniture,LED Desk Lamp,35.0,5,175.0,COMPLETED,2025-06-18 13:19:00,clearance,2.6
1611,211,Ahmad Husseini,Bethlehem,Furniture,Ergonomic Office Chair,237.5,2,475.0,PROCESSING,2025-02-25 21:21:00,new-arrival;clearance;organic,4.4
1612,261,Khaled Mansour,Ramallah,Electronics,Laptop Pro 15,900.0,1,900.0,RETURNED,2025-03-08 20:08:00,organic,2.6
1613,257,Rania Beshtawi,Ramallah,Sports & Outdoors,Yoga Mat Non-Slip,26.6,2,53.2,PROCESSING,2026-01-26 14:06:00,gift-idea;new-arrival;sale,3.6
1614,219,Rania Mansour,Jenin,Sports & Outdoors,Yoga Mat Non-Slip,26.6,2,53.2,CANCELLED,2025-07-17 09:06:00,budget,4.3
1615,252,Noor Nasser,Doha,Home & Kitchen,Air Fryer Deluxe,112.5,1,112.5,RETURNED,2026-04-01 10:15:00,sale,2.7
1616,180,Mustafa Hamdan,Amman,Sports & Outdoors,Camping Tent 4-Person,148.75,1,148.75,PROCESSING,2025-05-30 10:30:00,budget;limited-edition,3.2
1617,103,Bilal Nasser,Nablus,Furniture,Monitor Arm Dual,55.67,3,167.01,PROCESSING,2025-02-25 14:22:00,new-arrival,4.1
1618,152,Osaid Husseini,Hebron,Sports & Outdoors,Insulated Water Bottle,22.05,2,44.1,CANCELLED,2025-12-06 21:37:00,limited-edition;premium;gift-idea,3.3
1619,127,Khaled Abdelhaq,Gaza,Furniture,Ergonomic Office Chair,200.0,2,400.0,COMPLETED,2026-04-23 17:13:00,organic,4.3
1620,185,Zaid Odeh,Tulkarm,Furniture,Ergonomic Office Chair,250.0,1,250.0,COMPLETED,2025-01-31 16:07:00,premium,3.6
1621,262,Mustafa Saleh,Nablus,Electronics,Wireless Mouse,25.5,1,25.5,COMPLETED,2025-09-26 19:11:00,eco-friendly;new-arrival,2.9
1622,106,Kareem Barakat,Ramallah,Electronics,Smart Watch v2,239.6,1,239.6,PROCESSING,2025-04-24 13:59:00,premium,3.6
1623,195,Tariq Al-Masri,Amman,Office Supplies,Heavy Duty Stapler,12.8,4,51.2,COMPLETED,2025-05-02 10:56:00,new-arrival,3.0
1624,197,Tariq Husseini,Dubai,Books,Designing Data-Intensive Apps,43.88,4,175.52,CANCELLED,2025-07-13 21:34:00,bestseller;limited-edition,3.1
1625,262,Fatima Nasser,Amman,Home & Kitchen,Ceramic Cookware Set,160.0,1,160.0,PROCESSING,2026-04-27 20:42:00,clearance;bestseller;gift-idea,4.4
1626,266,Bilal Saleh,Gaza,Home & Kitchen,Ceramic Cookware Set,128.0,1,128.0,COMPLETED,2026-06-23 19:30:00,organic;budget;premium,4.0
1627,264,Mustafa Abdelhaq,Hebron,Furniture,Standing Desk Oak,450.0,2,900.0,PENDING,2025-08-12 12:27:00,budget;bestseller,4.8
1628,196,Fatima Sayegh,Ramallah,Furniture,Ergonomic Office Chair,212.5,1,212.5,COMPLETED,2025-08-24 17:02:00,eco-friendly;limited-edition,3.6
1629,220,Rania Hamdan,Jenin,Office Supplies,Desktop Organizer Wood,20.25,1,20.25,COMPLETED,2025-07-03 15:14:00,clearance;limited-edition,4.8
1630,176,Bilal Khatib,Amman,Sports & Outdoors,Yoga Mat Non-Slip,28.0,3,84.0,COMPLETED,2025-05-02 09:23:00,eco-friendly,3.0
1631,151,Huda Barakat,Bethlehem,Sports & Outdoors,Camping Tent 4-Person,148.75,1,148.75,COMPLETED,2026-07-11 22:16:00,premium,3.2
1632,189,Zaid Darwish,Dubai,Office Supplies,A4 Printer Paper Pack,10.2,2,20.4,PROCESSING,2025-06-02 21:25:00,new-arrival,4.3
1633,154,Salma Qasim,Amman,Home & Kitchen,Electric Kettle,24.0,3,72.0,PROCESSING,2026-04-18 13:50:00,limited-edition,4.6
1634,210,Rania Odeh,Gaza,Books,Scala for the Impatient,36.5,1,36.5,CANCELLED,2025-05-12 12:47:00,organic,4.5
1635,191,Huda Qasim,Tulkarm,Books,Clean Code Architecture,31.2,3,93.6,CANCELLED,2025-11-03 13:37:00,budget,4.5
1636,136,Laila Husseini,Dubai,Sports & Outdoors,Mountain Bike Helmet,51.0,4,204.0,PROCESSING,2026-02-05 14:13:00,clearance;eco-friendly,3.5
1637,222,Sara Husseini,Dubai,Books,MongoDB The Definitive Guide,42.0,1,42.0,RETURNED,2026-07-21 10:02:00,budget;organic;sale,3.0
1638,118,Zaid Ghanem,Hebron,Furniture,Bookshelf 5-Tier,110.0,2,220.0,PENDING,2025-02-28 13:33:00,bestseller,3.3
1639,206,Zaid Al-Masri,Ramallah,Furniture,Monitor Arm Dual,52.4,1,52.4,COMPLETED,2026-02-03 22:55:00,bestseller,4.7
1640,180,Rania Tamimi,Jerusalem,Home & Kitchen,Electric Kettle,25.5,5,127.5,COMPLETED,2026-05-30 19:43:00,premium;new-arrival,2.5
1641,137,Khaled Beshtawi,Tulkarm,Home & Kitchen,Stainless Steel Blender,63.75,2,127.5,PENDING,2026-04-17 15:36:00,clearance,3.2
1642,217,Tariq Ghanem,Tulkarm,Home & Kitchen,Stainless Steel Blender,75.0,1,75.0,CANCELLED,2026-03-19 15:24:00,bestseller;clearance;gift-idea,4.2
1643,112,Yousef Al-Masri,Bethlehem,Sports & Outdoors,Mountain Bike Helmet,60.0,1,60.0,RETURNED,2025-08-11 22:31:00,eco-friendly;clearance,5.0
1644,120,Sara Khatib,Jenin,Books,Clean Code Architecture,39.0,1,39.0,CANCELLED,2025-02-15 15:01:00,organic,3.5
1645,203,Noor Darwish,Nablus,Electronics,Mechanical Keyboard,85.0,1,85.0,COMPLETED,2026-04-21 15:29:00,clearance,3.9
1646,163,Khaled Nasser,Gaza,Office Supplies,Whiteboard Magnetic 90x60,45.0,3,135.0,PROCESSING,2025-01-19 17:06:00,premium,2.8
1647,201,Kareem Beshtawi,Doha,Office Supplies,A4 Printer Paper Pack,12.0,2,24.0,PENDING,2026-01-02 10:13:00,sale;eco-friendly;new-arrival,3.6
1648,113,Bilal Mansour,Tulkarm,Sports & Outdoors,Camping Tent 4-Person,148.75,1,148.75,COMPLETED,2025-02-19 20:24:00,new-arrival,3.4
1649,162,Noor Beshtawi,Nablus,Books,Learning Spark 2nd Ed,47.49,8,379.92,PROCESSING,2025-07-16 18:42:00,new-arrival,4.9
1650,125,Kareem Al-Masri,Nablus,Books,Scala for the Impatient,34.67,1,34.67,COMPLETED,2026-07-30 18:12:00,new-arrival;eco-friendly;gift-idea,4.8
1651,131,Yousef Odeh,Ramallah,Clothing,Running Sneakers White,85.5,1,85.5,RETURNED,2025-11-20 08:24:00,organic,3.1
1652,269,Fatima Saleh,Nablus,Electronics,Wireless Mouse,19.12,1,19.12,CANCELLED,2026-05-27 09:45:00,budget;bestseller;premium,4.9
1653,254,Huda Darwish,Doha,Office Supplies,Gel Pen Set 12-Pack,7.6,1,7.6,PROCESSING,2025-11-22 21:42:00,clearance;limited-edition,2.5
1654,250,Khaled Darwish,Amman,Sports & Outdoors,Dumbbells Set 20kg,64.0,2,128.0,COMPLETED,2025-08-27 08:39:00,premium,3.1
1655,210,Yousef Beshtawi,Nablus,Furniture,Bookshelf 5-Tier,110.0,2,220.0,COMPLETED,2026-01-20 11:41:00,new-arrival,4.8
1656,254,Khaled Husseini,Jerusalem,Clothing,Running Sneakers White,71.25,2,142.5,COMPLETED,2026-06-18 20:26:00,premium;sale;new-arrival,4.6
1657,185,Huda Qasim,Hebron,Home & Kitchen,Espresso Coffee Maker,144.0,4,576.0,COMPLETED,2025-08-16 17:55:00,eco-friendly;limited-edition,3.0
1658,262,Ahmad Beshtawi,Gaza,Electronics,Wireless Mouse,25.5,1,25.5,COMPLETED,2025-05-09 09:11:00,eco-friendly;new-arrival;budget,3.8
1659,210,Khaled Ghanem,Jerusalem,Sports & Outdoors,Dumbbells Set 20kg,80.0,1,80.0,CANCELLED,2025-09-12 12:18:00,organic;new-arrival;premium,4.7
1660,224,Osaid Saleh,Tulkarm,Books,Designing Data-Intensive Apps,52.65,2,105.3,CANCELLED,2026-03-20 20:09:00,sale;gift-idea,3.6
1661,122,Omar Sayegh,Jerusalem,Home & Kitchen,Stainless Steel Blender,67.5,1,67.5,COMPLETED,2026-04-10 12:24:00,budget;organic;clearance,3.3
1662,221,Noor Nasser,Hebron,Electronics,Laptop Pro 15,960.0,4,3840.0,RETURNED,2026-01-19 15:25:00,gift-idea;limited-edition,3.5
1663,179,Mustafa Beshtawi,Tulkarm,Electronics,Laptop Pro 15,1020.0,1,1020.0,COMPLETED,2025-07-18 20:27:00,limited-edition;eco-friendly,4.3
1664,263,Tariq Abdelhaq,Doha,Books,Clean Code Architecture,39.0,3,117.0,PENDING,2025-02-05 22:52:00,sale;bestseller,3.2
1665,217,Laila Barakat,Hebron,Home & Kitchen,Electric Kettle,22.5,5,112.5,COMPLETED,2025-01-13 09:49:00,gift-idea,3.5
1666,251,Osaid Khatib,Hebron,Books,Designing Data-Intensive Apps,55.57,3,166.71,RETURNED,2025-11-06 16:34:00,gift-idea;premium;budget,4.4
1667,123,Sara Saleh,Jerusalem,Clothing,Denim Jeans Classic,43.2,5,216.0,RETURNED,2025-11-12 08:10:00,sale;clearance,2.7
1668,279,Rania Khatib,Tulkarm,Sports & Outdoors,Camping Tent 4-Person,175.0,3,525.0,COMPLETED,2026-01-19 10:45:00,new-arrival,3.7
1669,229,Sara Ziyad,Dubai,Office Supplies,Gel Pen Set 12-Pack,9.5,1,9.5,RETURNED,2025-07-07 20:48:00,premium,5.0
1670,205,Khaled Mansour,Doha,Furniture,Ergonomic Office Chair,225.0,1,225.0,COMPLETED,2025-10-11 09:21:00,budget,3.1
1671,225,Sara Khalil,Nablus,Clothing,Cotton Hoodie Black,41.25,2,82.5,COMPLETED,2025-04-10 11:33:00,gift-idea,4.0
1672,169,Salma Tamimi,Jenin,Home & Kitchen,Ceramic Cookware Set,128.0,1,128.0,COMPLETED,2025-11-19 21:15:00,gift-idea;budget,4.0
1673,192,Huda Mansour,Nablus,Books,Clean Code Architecture,39.0,3,117.0,COMPLETED,2025-05-06 21:33:00,new-arrival;limited-edition,3.6
1674,276,Salma Khatib,Tulkarm,Sports & Outdoors,Dumbbells Set 20kg,64.0,1,64.0,PROCESSING,2025-11-26 08:40:00,sale;limited-edition,4.2
1675,160,Yasmin Tamimi,Tulkarm,Sports & Outdoors,Mountain Bike Helmet,57.0,3,171.0,PENDING,2026-05-03 18:54:00,clearance;gift-idea;premium,4.0
1676,137,Bilal Khatib,Nablus,Furniture,LED Desk Lamp,33.25,3,99.75,PROCESSING,2026-07-16 21:29:00,organic,4.9
1677,224,Dina Qasim,Hebron,Furniture,Standing Desk Oak,360.0,3,1080.0,RETURNED,2025-04-02 09:27:00,sale;bestseller;limited-edition,4.8
1678,172,Yousef Barakat,Doha,Books,Learning Spark 2nd Ed,42.49,2,84.98,RETURNED,2026-05-19 09:50:00,limited-edition;new-arrival;clearance,4.1
1679,197,Zaid Sayegh,Tulkarm,Office Supplies,Gel Pen Set 12-Pack,9.5,1,9.5,COMPLETED,2025-03-31 09:05:00,budget;new-arrival,4.4
1680,130,Mustafa Saleh,Jerusalem,Office Supplies,Whiteboard Magnetic 90x60,38.25,5,191.25,RETURNED,2025-01-02 12:03:00,eco-friendly;new-arrival;gift-idea,4.9
1681,182,Tariq Nasser,Amman,Sports & Outdoors,Mountain Bike Helmet,60.0,2,120.0,PENDING,2025-01-10 16:54:00,limited-edition;bestseller,4.5
1682,176,Yousef Tamimi,Doha,Books,Designing Data-Intensive Apps,58.5,2,117.0,RETURNED,2025-02-05 17:20:00,eco-friendly;clearance,3.2
1683,247,Salma Odeh,Gaza,Clothing,Winter Wool Jacket,105.0,1,105.0,COMPLETED,2025-06-06 21:45:00,new-arrival,4.3
1684,114,Kareem Tamimi,Cairo,Books,MongoDB The Definitive Guide,33.6,8,268.8,PROCESSING,2025-06-13 08:35:00,limited-edition;gift-idea,4.2
1685,190,Zaid Darwish,Ramallah,Home & Kitchen,Air Fryer Deluxe,125.0,1,125.0,RETURNED,2026-07-16 14:06:00,limited-edition,4.4
1686,249,Mohammad Ghanem,Gaza,Sports & Outdoors,Dumbbells Set 20kg,72.0,2,144.0,RETURNED,2026-05-10 12:57:00,new-arrival,3.0
1687,151,Ahmad Saleh,Cairo,Office Supplies,Heavy Duty Stapler,12.0,1,12.0,PROCESSING,2025-06-01 14:27:00,bestseller;sale;clearance,3.4
1688,222,Kareem Abdelhaq,Ramallah,Home & Kitchen,Air Fryer Deluxe,125.0,2,250.0,RETURNED,2026-02-18 11:02:00,new-arrival,3.5
1689,178,Yasmin Al-Masri,Doha,Sports & Outdoors,Insulated Water Bottle,18.38,3,55.14,RETURNED,2025-04-02 20:29:00,gift-idea;premium;organic,3.4
1690,131,Sara Beshtawi,Ramallah,Books,Scala for the Impatient,31.02,1,31.02,CANCELLED,2026-08-10 15:17:00,clearance;bestseller;gift-idea,3.7
1691,266,Rania Ghanem,Dubai,Furniture,Ergonomic Office Chair,200.0,1,200.0,PROCESSING,2026-07-05 10:25:00,sale;gift-idea;organic,2.7
1692,250,Dina Mansour,Hebron,Sports & Outdoors,Yoga Mat Non-Slip,23.8,1,23.8,RETURNED,2025-07-04 08:35:00,limited-edition;clearance,2.6
1693,248,Noor Al-Masri,Ramallah,Home & Kitchen,Air Fryer Deluxe,125.0,4,500.0,COMPLETED,2025-05-08 16:19:00,eco-friendly;bestseller,3.6
1694,269,Ahmad Qasim,Bethlehem,Electronics,USB-C Hub Multiport,42.75,4,171.0,RETURNED,2026-07-01 15:08:00,organic;limited-edition;eco-friendly,4.0
1695,231,Noor Mansour,Doha,Office Supplies,A4 Printer Paper Pack,12.0,1,12.0,COMPLETED,2025-11-03 21:53:00,bestseller,4.0
1696,156,Mustafa Saleh,Bethlehem,Furniture,Monitor Arm Dual,55.67,1,55.67,COMPLETED,2025-09-24 14:41:00,gift-idea,3.6
1697,166,Rania Nasser,Amman,Furniture,Ergonomic Office Chair,237.5,2,475.0,RETURNED,2025-07-17 19:23:00,eco-friendly;bestseller;gift-idea,4.6
1698,181,Rania Darwish,Nablus,Home & Kitchen,Stainless Steel Blender,75.0,1,75.0,CANCELLED,2025-04-23 18:35:00,clearance;limited-edition,4.1
1699,193,Huda Barakat,Jerusalem,Office Supplies,Gel Pen Set 12-Pack,9.5,1,9.5,PENDING,2025-08-16 14:06:00,bestseller,3.8
1700,179,Mustafa Tamimi,Ramallah,Home & Kitchen,Air Fryer Deluxe,93.75,3,281.25,COMPLETED,2026-07-19 12:38:00,sale,2.9
1701,200,Kareem Saleh,Cairo,Sports & Outdoors,Mountain Bike Helmet,45.0,2,90.0,PENDING,2026-05-04 17:08:00,sale;eco-friendly,4.3
1702,269,Laila Nasser,Tulkarm,Home & Kitchen,Air Fryer Deluxe,100.0,1,100.0,RETURNED,2026-01-15 19:49:00,budget,3.5
1703,218,Kareem Ziyad,Jenin,Office Supplies,Desktop Organizer Wood,21.38,2,42.76,PENDING,2026-06-18 19:56:00,premium,4.1
1704,123,Omar Hamdan,Jenin,Office Supplies,A4 Printer Paper Pack,12.0,2,24.0,RETURNED,2025-09-03 09:10:00,sale;clearance;premium,3.9
1705,227,Ahmad Hamdan,Doha,Home & Kitchen,Stainless Steel Blender,63.75,2,127.5,RETURNED,2026-06-30 19:07:00,sale;new-arrival,4.8
1706,102,Rania Sayegh,Cairo,Clothing,Denim Jeans Classic,38.4,10,384.0,PROCESSING,2026-06-25 18:38:00,budget,3.6
1707,144,Bilal Qasim,Jerusalem,Electronics,Mechanical Keyboard,72.25,3,216.75,COMPLETED,2025-02-22 14:31:00,bestseller;limited-edition,4.9
1708,187,Yousef Sayegh,Ramallah,Clothing,Running Sneakers White,90.25,2,180.5,COMPLETED,2025-01-03 19:40:00,gift-idea;new-arrival;premium,4.8
1709,265,Bilal Abdelhaq,Gaza,Home & Kitchen,Ceramic Cookware Set,160.0,1,160.0,CANCELLED,2026-04-17 13:19:00,clearance;sale,3.4
1710,148,Zaid Saleh,Nablus,Electronics,Noise-Canceling Headphones,199.99,2,399.98,CANCELLED,2026-06-11 22:09:00,clearance;organic,2.5
1711,269,Fatima Qasim,Gaza,Books,MongoDB The Definitive Guide,37.8,1,37.8,COMPLETED,2026-07-04 20:17:00,organic,4.1
1712,213,Kareem Nasser,Jenin,Sports & Outdoors,Insulated Water Bottle,18.38,1,18.38,RETURNED,2025-07-23 09:12:00,sale;bestseller,3.5
1713,185,Mohammad Al-Masri,Doha,Furniture,LED Desk Lamp,33.25,5,166.25,COMPLETED,2026-03-08 15:35:00,bestseller;limited-edition,4.4
1714,203,Bilal Darwish,Jerusalem,Electronics,Laptop Pro 15,1200.0,3,3600.0,COMPLETED,2025-12-19 16:00:00,new-arrival;sale;limited-edition,3.6
1715,253,Ahmad Hamdan,Gaza,Clothing,Running Sneakers White,71.25,2,142.5,PENDING,2025-09-11 17:09:00,eco-friendly;bestseller;new-arrival,3.2
1716,130,Fatima Qasim,Doha,Office Supplies,Desktop Organizer Wood,18.0,1,18.0,PROCESSING,2025-04-16 19:46:00,budget;bestseller;new-arrival,5.0
1717,252,Laila Qasim,Ramallah,Furniture,LED Desk Lamp,35.0,1,35.0,COMPLETED,2026-03-13 08:39:00,clearance,4.7
1718,198,Rania Khatib,Bethlehem,Sports & Outdoors,Dumbbells Set 20kg,72.0,1,72.0,PENDING,2025-03-04 16:27:00,sale;premium;clearance,3.2
1719,172,Tariq Hamdan,Hebron,Clothing,Cotton Hoodie Black,55.0,1,55.0,COMPLETED,2025-11-26 11:18:00,premium;clearance,3.6
1720,165,Salma Saleh,Jenin,Clothing,Cotton Hoodie Black,55.0,1,55.0,RETURNED,2026-07-20 20:55:00,limited-edition,3.4
1721,193,Mustafa Khatib,Dubai,Clothing,Denim Jeans Classic,48.0,2,96.0,CANCELLED,2026-01-29 09:56:00,bestseller,4.1
1722,255,Sara Abdelhaq,Dubai,Sports & Outdoors,Dumbbells Set 20kg,72.0,1,72.0,COMPLETED,2025-03-18 16:39:00,premium;organic,5.0
1723,152,Dina Nasser,Nablus,Furniture,Standing Desk Oak,360.0,1,360.0,COMPLETED,2026-07-28 13:57:00,organic;clearance,4.8
1724,118,Salma Hamdan,Amman,Home & Kitchen,Espresso Coffee Maker,171.0,1,171.0,RETURNED,2025-05-13 12:02:00,sale;new-arrival;gift-idea,3.7
1725,237,Bilal Beshtawi,Jerusalem,Books,Scala for the Impatient,27.38,1,27.38,PENDING,2026-02-15 17:17:00,bestseller,2.5
1726,247,Noor Khalil,Amman,Books,Scala for the Impatient,31.02,3,93.06,COMPLETED,2025-11-07 21:14:00,premium;eco-friendly,2.8
1727,158,Mohammad Sayegh,Hebron,Clothing,Cotton Hoodie Black,52.25,2,104.5,COMPLETED,2025-10-04 21:50:00,new-arrival,5.0
1728,154,Dina Mansour,Nablus,Sports & Outdoors,Camping Tent 4-Person,166.25,2,332.5,COMPLETED,2025-03-27 19:56:00,premium;bestseller;gift-idea,4.7
1729,176,Huda Abdelhaq,Doha,Office Supplies,A4 Printer Paper Pack,12.0,3,36.0,RETURNED,2025-10-14 10:16:00,eco-friendly,4.1
1730,250,Sara Darwish,Doha,Clothing,Graphic T-Shirt,16.5,2,33.0,PENDING,2025-08-14 13:17:00,budget,4.1
1731,202,Laila Ziyad,Hebron,Sports & Outdoors,Insulated Water Bottle,22.05,1,22.05,COMPLETED,2026-05-23 10:29:00,bestseller,3.0
1732,226,Kareem Ghanem,Nablus,Clothing,Denim Jeans Classic,36.0,4,144.0,PENDING,2025-07-12 09:09:00,gift-idea,3.1
1733,266,Zaid Mansour,Cairo,Home & Kitchen,Stainless Steel Blender,56.25,3,168.75,COMPLETED,2025-04-13 14:24:00,clearance,4.6
1734,265,Mohammad Nasser,Hebron,Office Supplies,A4 Printer Paper Pack,9.6,1,9.6,CANCELLED,2025-01-14 20:00:00,eco-friendly,4.3
1735,187,Osaid Odeh,Jerusalem,Books,Scala for the Impatient,27.38,4,109.52,COMPLETED,2025-11-11 13:30:00,new-arrival,2.6
1736,278,Fatima Sayegh,Ramallah,Electronics,Laptop Pro 15,1140.0,1,1140.0,COMPLETED,2026-06-08 22:53:00,bestseller;sale,4.8
1737,107,Yousef Hamdan,Tulkarm,Furniture,Bookshelf 5-Tier,110.0,2,220.0,RETURNED,2026-01-29 18:56:00,clearance;organic;bestseller,5.0
1738,158,Sara Ghanem,Jenin,Electronics,USB-C Hub Multiport,42.75,1,42.75,COMPLETED,2025-02-14 17:09:00,gift-idea,3.8
1739,254,Kareem Hamdan,Jerusalem,Sports & Outdoors,Camping Tent 4-Person,166.25,2,332.5,COMPLETED,2025-04-17 12:58:00,limited-edition;premium,4.5
1740,120,Ahmad Nasser,Doha,Furniture,Bookshelf 5-Tier,99.0,1,99.0,RETURNED,2026-05-05 21:04:00,budget,3.6
1741,172,Laila Beshtawi,Jenin,Furniture,Standing Desk Oak,427.5,3,1282.5,COMPLETED,2026-05-22 14:30:00,gift-idea;limited-edition;bestseller,4.5
1742,268,Yousef Darwish,Tulkarm,Home & Kitchen,Ceramic Cookware Set,144.0,2,288.0,CANCELLED,2026-07-04 21:14:00,clearance;gift-idea,3.8
1743,278,Yousef Beshtawi,Hebron,Clothing,Cotton Hoodie Black,41.25,1,41.25,COMPLETED,2026-01-07 16:30:00,clearance,2.6
1744,190,Tariq Nasser,Bethlehem,Books,Designing Data-Intensive Apps,49.73,3,149.19,PENDING,2025-09-06 11:52:00,sale,4.4
1745,131,Laila Darwish,Cairo,Electronics,Smart Watch v2,284.52,5,1422.6,COMPLETED,2025-04-19 18:37:00,organic,4.6
1746,141,Ahmad Nasser,Jenin,Furniture,Ergonomic Office Chair,250.0,1,250.0,CANCELLED,2026-03-03 10:48:00,organic,4.4
1747,236,Omar Tamimi,Tulkarm,Sports & Outdoors,Camping Tent 4-Person,140.0,1,140.0,RETURNED,2025-01-14 12:07:00,sale,4.7
1748,109,Yasmin Al-Masri,Amman,Furniture,Ergonomic Office Chair,225.0,1,225.0,RETURNED,2026-04-11 16:45:00,budget;eco-friendly,3.3
1749,159,Rania Al-Masri,Bethlehem,Electronics,USB-C Hub Multiport,45.0,1,45.0,RETURNED,2025-08-05 14:39:00,new-arrival,3.5
1750,244,Yasmin Beshtawi,Cairo,Books,Clean Code Architecture,31.2,1,31.2,PENDING,2026-01-25 10:03:00,gift-idea;new-arrival,3.2
1751,127,Osaid Saleh,Dubai,Office Supplies,Whiteboard Magnetic 90x60,42.75,1,42.75,COMPLETED,2026-07-09 09:04:00,budget,2.5
1752,180,Noor Sayegh,Hebron,Sports & Outdoors,Yoga Mat Non-Slip,28.0,1,28.0,CANCELLED,2026-08-02 08:36:00,sale;budget,3.3
1753,180,Ahmad Saleh,Bethlehem,Books,Scala for the Impatient,27.38,1,27.38,PENDING,2025-12-31 10:44:00,clearance;limited-edition;gift-idea,4.7
1754,229,Sara Khatib,Jerusalem,Electronics,USB-C Hub Multiport,40.5,3,121.5,CANCELLED,2025-02-08 12:10:00,organic,2.7
1755,261,Osaid Qasim,Hebron,Office Supplies,Gel Pen Set 12-Pack,9.5,3,28.5,CANCELLED,2026-06-13 19:38:00,eco-friendly;limited-edition;organic,4.5
1756,187,Omar Saleh,Dubai,Office Supplies,Desktop Organizer Wood,18.0,1,18.0,PROCESSING,2026-02-01 11:13:00,budget;clearance;bestseller,3.9
1757,228,Sara Khalil,Jerusalem,Office Supplies,Whiteboard Magnetic 90x60,33.75,2,67.5,PROCESSING,2025-03-31 15:06:00,limited-edition;bestseller,4.8
1758,142,Osaid Barakat,Dubai,Clothing,Running Sneakers White,95.0,1,95.0,RETURNED,2026-04-17 12:30:00,organic;bestseller,4.8
1759,246,Salma Abdelhaq,Jenin,Office Supplies,Whiteboard Magnetic 90x60,33.75,1,33.75,CANCELLED,2025-05-13 15:23:00,budget;limited-edition;eco-friendly,2.7
1760,206,Bilal Ziyad,Bethlehem,Sports & Outdoors,Yoga Mat Non-Slip,22.4,2,44.8,COMPLETED,2025-09-08 19:52:00,sale;bestseller;clearance,3.2
1761,141,Mustafa Darwish,Ramallah,Furniture,LED Desk Lamp,28.0,4,112.0,COMPLETED,2025-12-24 15:29:00,eco-friendly;organic;clearance,2.7
1762,128,Zaid Hamdan,Hebron,Books,MongoDB The Definitive Guide,39.9,1,39.9,CANCELLED,2026-05-13 11:44:00,organic;clearance;premium,3.6
1763,240,Laila Tamimi,Jerusalem,Sports & Outdoors,Dumbbells Set 20kg,80.0,1,80.0,CANCELLED,2026-01-25 08:59:00,gift-idea;organic,3.0
1764,155,Ahmad Hamdan,Bethlehem,Clothing,Denim Jeans Classic,48.0,1,48.0,COMPLETED,2026-02-19 09:19:00,organic;gift-idea;new-arrival,4.2
1765,167,Kareem Abdelhaq,Ramallah,Books,MongoDB The Definitive Guide,39.9,5,199.5,COMPLETED,2025-07-23 13:26:00,organic;eco-friendly,4.2
1766,142,Rania Saleh,Cairo,Home & Kitchen,Ceramic Cookware Set,136.0,3,408.0,PROCESSING,2025-07-23 09:46:00,budget;bestseller;limited-edition,4.2
1767,182,Ahmad Nasser,Gaza,Furniture,LED Desk Lamp,35.0,4,140.0,PROCESSING,2026-02-21 12:33:00,sale;organic;bestseller,4.1
1768,264,Mustafa Mansour,Nablus,Furniture,Standing Desk Oak,382.5,1,382.5,PROCESSING,2025-06-20 17:24:00,limited-edition,3.0
1769,149,Mustafa Khalil,Jenin,Office Supplies,Whiteboard Magnetic 90x60,42.75,1,42.75,CANCELLED,2025-05-08 19:31:00,organic;gift-idea;eco-friendly,3.4
1770,239,Rania Khatib,Jenin,Electronics,Wireless Mouse,24.22,2,48.44,COMPLETED,2026-07-21 17:10:00,gift-idea;budget;premium,4.6
1771,277,Rania Ghanem,Cairo,Home & Kitchen,Espresso Coffee Maker,135.0,10,1350.0,PROCESSING,2025-04-17 09:41:00,budget,4.8
1772,127,Salma Sayegh,Ramallah,Sports & Outdoors,Insulated Water Bottle,18.38,2,36.76,COMPLETED,2025-10-24 21:26:00,new-arrival,4.4
1773,242,Zaid Mansour,Hebron,Office Supplies,Desktop Organizer Wood,21.38,5,106.9,PROCESSING,2026-04-21 14:58:00,gift-idea;sale;limited-edition,4.5
1774,230,Omar Barakat,Doha,Clothing,Running Sneakers White,71.25,3,213.75,PENDING,2025-09-05 08:57:00,sale;budget,2.6
1775,196,Bilal Husseini,Jenin,Furniture,Monitor Arm Dual,65.5,10,655.0,CANCELLED,2026-02-05 11:39:00,gift-idea;sale;budget,2.8
1776,263,Zaid Al-Masri,Tulkarm,Clothing,Graphic T-Shirt,22.0,1,22.0,COMPLETED,2025-05-10 16:07:00,budget;gift-idea;premium,4.6
1777,141,Huda Odeh,Ramallah,Electronics,Laptop Pro 15,960.0,1,960.0,PROCESSING,2025-06-06 08:39:00,eco-friendly;clearance;gift-idea,2.6
1778,134,Khaled Saleh,Jerusalem,Furniture,Standing Desk Oak,382.5,1,382.5,PROCESSING,2025-09-09 19:49:00,premium;sale,3.2
1779,137,Ahmad Mansour,Ramallah,Books,Scala for the Impatient,36.5,1,36.5,COMPLETED,2025-09-26 22:11:00,clearance,3.7
1780,193,Noor Darwish,Ramallah,Books,Learning Spark 2nd Ed,44.99,1,44.99,RETURNED,2025-03-20 11:43:00,gift-idea;limited-edition,4.1
1781,216,Kareem Al-Masri,Bethlehem,Electronics,Wireless Mouse,20.4,2,40.8,CANCELLED,2025-02-02 09:21:00,organic;eco-friendly,2.5
1782,234,Fatima Mansour,Hebron,Home & Kitchen,Espresso Coffee Maker,153.0,2,306.0,CANCELLED,2025-06-06 11:55:00,clearance;new-arrival,2.6
1783,136,Yousef Beshtawi,Cairo,Sports & Outdoors,Dumbbells Set 20kg,72.0,1,72.0,COMPLETED,2025-04-05 13:45:00,premium;organic;eco-friendly,3.6
1784,203,Noor Barakat,Jerusalem,Furniture,Bookshelf 5-Tier,110.0,5,550.0,CANCELLED,2025-11-16 10:50:00,organic,3.6
1785,215,Rania Barakat,Jenin,Home & Kitchen,Espresso Coffee Maker,162.0,2,324.0,COMPLETED,2026-08-04 13:23:00,clearance;organic;bestseller,4.7
1786,231,Fatima Hamdan,Bethlehem,Home & Kitchen,Electric Kettle,30.0,1,30.0,COMPLETED,2025-07-04 20:20:00,bestseller;limited-edition,3.1
1787,156,Tariq Saleh,Jerusalem,Office Supplies,Whiteboard Magnetic 90x60,42.75,1,42.75,RETURNED,2025-01-12 19:21:00,organic,3.9
1788,183,Yousef Sayegh,Ramallah,Books,MongoDB The Definitive Guide,35.7,2,71.4,COMPLETED,2025-04-16 16:17:00,budget;clearance;gift-idea,4.2
1789,212,Huda Husseini,Hebron,Furniture,Ergonomic Office Chair,225.0,3,675.0,COMPLETED,2025-10-09 14:07:00,organic,2.9
1790,184,Mustafa Darwish,Hebron,Home & Kitchen,Espresso Coffee Maker,144.0,1,144.0,PROCESSING,2026-08-13 08:58:00,premium;bestseller,4.6
1791,204,Mohammad Sayegh,Amman,Electronics,Mechanical Keyboard,85.0,2,170.0,PENDING,2025-04-08 21:51:00,premium;budget,3.3
1792,189,Zaid Beshtawi,Amman,Office Supplies,Whiteboard Magnetic 90x60,45.0,2,90.0,PENDING,2025-11-02 19:29:00,clearance;limited-edition,4.8
1793,127,Ahmad Qasim,Nablus,Office Supplies,A4 Printer Paper Pack,11.4,1,11.4,PROCESSING,2026-03-23 11:10:00,new-arrival,4.3
1794,195,Dina Khalil,Cairo,Office Supplies,A4 Printer Paper Pack,9.0,1,9.0,COMPLETED,2025-04-24 08:19:00,premium,3.3
1795,257,Zaid Barakat,Cairo,Furniture,Standing Desk Oak,450.0,2,900.0,COMPLETED,2025-11-23 21:09:00,gift-idea;organic;clearance,3.8
1796,162,Mustafa Tamimi,Doha,Books,MongoDB The Definitive Guide,33.6,1,33.6,PENDING,2025-08-20 09:16:00,clearance;limited-edition,3.9
1797,163,Noor Beshtawi,Ramallah,Books,Learning Spark 2nd Ed,39.99,1,39.99,COMPLETED,2026-04-25 21:24:00,organic,2.8
1798,154,Mustafa Khatib,Amman,Office Supplies,Whiteboard Magnetic 90x60,42.75,3,128.25,RETURNED,2026-04-10 18:09:00,clearance;bestseller;new-arrival,4.8
1799,199,Khaled Khatib,Hebron,Office Supplies,Desktop Organizer Wood,21.38,1,21.38,PENDING,2025-06-18 18:19:00,clearance;bestseller;organic,4.7
1800,129,Yousef Khalil,Gaza,Furniture,Bookshelf 5-Tier,88.0,1,88.0,CANCELLED,2026-04-09 13:16:00,eco-friendly,2.7
1801,211,Noor Nasser,Tulkarm,Home & Kitchen,Ceramic Cookware Set,160.0,2,320.0,PENDING,2025-10-07 13:06:00,gift-idea,4.3
1802,209,Noor Ghanem,Hebron,Books,Designing Data-Intensive Apps,49.73,2,99.46,CANCELLED,2026-05-21 16:27:00,sale,4.1
1803,129,Yousef Mansour,Nablus,Electronics,USB-C Hub Multiport,45.0,1,45.0,CANCELLED,2025-04-14 12:14:00,gift-idea;budget;eco-friendly,2.8
1804,278,Fatima Tamimi,Hebron,Furniture,Standing Desk Oak,427.5,1,427.5,RETURNED,2025-10-22 19:00:00,bestseller,3.8
1805,280,Yasmin Tamimi,Cairo,Clothing,Denim Jeans Classic,38.4,1,38.4,COMPLETED,2025-06-20 10:21:00,bestseller;sale,4.2
1806,210,Huda Khalil,Jerusalem,Clothing,Cotton Hoodie Black,41.25,1,41.25,PROCESSING,2025-01-10 17:22:00,budget;sale,3.7
1807,164,Salma Mansour,Nablus,Office Supplies,A4 Printer Paper Pack,11.4,2,22.8,PROCESSING,2025-08-22 16:32:00,bestseller,4.4
1808,126,Omar Husseini,Gaza,Books,MongoDB The Definitive Guide,39.9,8,319.2,RETURNED,2026-05-14 12:23:00,sale;limited-edition,3.3
1809,186,Bilal Tamimi,Ramallah,Clothing,Graphic T-Shirt,22.0,3,66.0,COMPLETED,2026-02-25 21:14:00,bestseller;limited-edition;organic,2.6
1810,248,Rania Saleh,Hebron,Sports & Outdoors,Yoga Mat Non-Slip,25.2,1,25.2,RETURNED,2025-04-21 12:56:00,eco-friendly;organic;bestseller,3.2
1811,274,Tariq Husseini,Tulkarm,Home & Kitchen,Ceramic Cookware Set,152.0,5,760.0,COMPLETED,2025-07-15 08:37:00,limited-edition;clearance;gift-idea,4.5
1812,246,Tariq Ghanem,Ramallah,Electronics,Noise-Canceling Headphones,199.99,4,799.96,PENDING,2025-06-03 16:18:00,eco-friendly;bestseller;premium,3.7
1813,117,Omar Khalil,Gaza,Electronics,Wireless Mouse,21.68,1,21.68,COMPLETED,2025-02-24 15:19:00,gift-idea,3.4
1814,101,Mohammad Barakat,Jerusalem,Clothing,Running Sneakers White,80.75,3,242.25,RETURNED,2026-07-29 10:05:00,premium;bestseller;new-arrival,3.6
1815,121,Omar Qasim,Nablus,Books,MongoDB The Definitive Guide,33.6,1,33.6,RETURNED,2026-01-31 14:25:00,premium,4.8
1816,253,Omar Al-Masri,Dubai,Books,MongoDB The Definitive Guide,42.0,3,126.0,RETURNED,2025-07-24 12:08:00,eco-friendly;new-arrival,3.3
1817,122,Omar Ziyad,Amman,Furniture,LED Desk Lamp,26.25,3,78.75,PENDING,2025-04-09 10:33:00,limited-edition;eco-friendly,4.8
1818,192,Khaled Saleh,Tulkarm,Books,Clean Code Architecture,35.1,5,175.5,COMPLETED,2026-07-27 08:49:00,clearance;bestseller,4.0
1819,178,Yousef Khatib,Jenin,Furniture,Monitor Arm Dual,55.67,2,111.34,COMPLETED,2025-02-24 20:54:00,bestseller;gift-idea,4.2
1820,219,Bilal Ziyad,Nablus,Electronics,Laptop Pro 15,960.0,1,960.0,COMPLETED,2025-12-08 17:06:00,budget;organic,4.2
1821,116,Sara Khatib,Cairo,Sports & Outdoors,Yoga Mat Non-Slip,23.8,3,71.4,COMPLETED,2026-07-30 19:31:00,new-arrival,4.7
1822,264,Laila Ghanem,Doha,Clothing,Cotton Hoodie Black,46.75,3,140.25,RETURNED,2025-07-25 09:04:00,bestseller,4.0
1823,131,Bilal Mansour,Hebron,Furniture,Ergonomic Office Chair,187.5,2,375.0,CANCELLED,2026-03-31 14:03:00,premium,3.5
1824,148,Yousef Sayegh,Bethlehem,Office Supplies,Heavy Duty Stapler,12.0,2,24.0,RETURNED,2025-05-07 14:09:00,sale;bestseller;eco-friendly,4.5
1825,269,Yousef Al-Masri,Amman,Sports & Outdoors,Mountain Bike Helmet,54.0,1,54.0,COMPLETED,2025-10-24 18:06:00,organic;limited-edition;premium,3.5
1826,279,Sara Ziyad,Tulkarm,Office Supplies,Desktop Organizer Wood,21.38,1,21.38,PENDING,2025-05-04 17:24:00,budget,3.3
1827,266,Yasmin Ziyad,Nablus,Clothing,Denim Jeans Classic,38.4,2,76.8,PENDING,2025-10-11 08:10:00,eco-friendly;budget,3.0
1828,235,Zaid Khatib,Ramallah,Furniture,Standing Desk Oak,360.0,1,360.0,CANCELLED,2025-12-14 15:45:00,premium,4.5
1829,269,Omar Darwish,Ramallah,Office Supplies,Desktop Organizer Wood,20.25,1,20.25,CANCELLED,2025-07-04 17:45:00,eco-friendly;premium;bestseller,4.2
1830,251,Mustafa Saleh,Dubai,Home & Kitchen,Ceramic Cookware Set,160.0,1,160.0,PROCESSING,2025-06-12 11:06:00,clearance;organic;eco-friendly,3.3
1831,160,Yousef Mansour,Jerusalem,Sports & Outdoors,Insulated Water Bottle,22.05,3,66.15,COMPLETED,2025-03-05 17:16:00,sale,4.6
1832,119,Khaled Saleh,Dubai,Sports & Outdoors,Yoga Mat Non-Slip,26.6,4,106.4,COMPLETED,2026-04-06 14:08:00,budget;eco-friendly;new-arrival,3.0
1833,226,Khaled Ghanem,Hebron,Furniture,Standing Desk Oak,382.5,1,382.5,PROCESSING,2025-07-16 09:37:00,clearance,3.0
1834,136,Ahmad Saleh,Tulkarm,Home & Kitchen,Electric Kettle,28.5,4,114.0,COMPLETED,2026-06-25 15:12:00,budget,4.6
1835,229,Tariq Saleh,Dubai,Home & Kitchen,Stainless Steel Blender,67.5,3,202.5,PENDING,2026-01-21 21:04:00,clearance;bestseller;premium,2.8
1836,228,Yousef Abdelhaq,Dubai,Home & Kitchen,Air Fryer Deluxe,93.75,1,93.75,COMPLETED,2025-09-15 14:45:00,clearance;bestseller,4.9
1837,120,Dina Qasim,Amman,Home & Kitchen,Electric Kettle,25.5,1,25.5,COMPLETED,2026-07-14 19:57:00,budget,3.7
1838,168,Ahmad Abdelhaq,Jenin,Books,MongoDB The Definitive Guide,31.5,1,31.5,COMPLETED,2025-05-23 11:35:00,limited-edition;sale;new-arrival,3.7
1839,245,Yasmin Abdelhaq,Jenin,Electronics,Noise-Canceling Headphones,169.99,2,339.98,COMPLETED,2026-07-19 15:08:00,sale;clearance,2.6
1840,230,Yousef Saleh,Tulkarm,Books,MongoDB The Definitive Guide,42.0,3,126.0,COMPLETED,2025-02-26 08:49:00,eco-friendly,4.0
1841,198,Ahmad Sayegh,Gaza,Electronics,Noise-Canceling Headphones,159.99,3,479.97,COMPLETED,2026-03-17 19:27:00,bestseller;clearance;organic,2.8
1842,258,Tariq Saleh,Hebron,Clothing,Winter Wool Jacket,140.0,4,560.0,COMPLETED,2025-04-05 17:00:00,gift-idea,4.4
1843,238,Mustafa Abdelhaq,Nablus,Office Supplies,Gel Pen Set 12-Pack,9.5,3,28.5,COMPLETED,2025-05-10 15:11:00,sale;limited-edition,3.4
1844,268,Yousef Ghanem,Jerusalem,Home & Kitchen,Ceramic Cookware Set,160.0,2,320.0,RETURNED,2025-03-20 09:16:00,new-arrival;organic;limited-edition,4.7
1845,157,Khaled Ghanem,Jenin,Office Supplies,Heavy Duty Stapler,12.8,1,12.8,COMPLETED,2026-06-24 22:17:00,eco-friendly;budget,2.8
1846,189,Rania Tamimi,Bethlehem,Electronics,Wireless Mouse,19.12,4,76.48,CANCELLED,2025-08-25 12:47:00,new-arrival;clearance;limited-edition,4.3
1847,137,Mohammad Qasim,Cairo,Books,Clean Code Architecture,39.0,5,195.0,PENDING,2025-02-04 12:17:00,gift-idea;premium;clearance,2.6
1848,257,Zaid Tamimi,Nablus,Office Supplies,Desktop Organizer Wood,22.5,1,22.5,COMPLETED,2025-07-30 14:11:00,gift-idea;eco-friendly;sale,4.2
1849,109,Dina Saleh,Nablus,Home & Kitchen,Air Fryer Deluxe,118.75,4,475.0,PROCESSING,2025-08-10 20:01:00,budget;gift-idea,4.7
1850,115,Sara Sayegh,Tulkarm,Sports & Outdoors,Camping Tent 4-Person,148.75,4,595.0,PENDING,2026-03-11 17:46:00,eco-friendly;premium;bestseller,4.9
1851,220,Yousef Nasser,Nablus,Clothing,Running Sneakers White,95.0,1,95.0,PROCESSING,2026-07-10 12:21:00,gift-idea;sale;premium,3.4
1852,269,Fatima Khalil,Ramallah,Clothing,Graphic T-Shirt,16.5,2,33.0,COMPLETED,2025-07-03 15:29:00,organic,2.5
1853,110,Tariq Tamimi,Doha,Office Supplies,Heavy Duty Stapler,16.0,1,16.0,CANCELLED,2025-03-23 12:57:00,eco-friendly;limited-edition;clearance,3.6
1854,167,Fatima Barakat,Gaza,Furniture,Standing Desk Oak,450.0,2,900.0,PROCESSING,2025-02-20 11:07:00,sale;bestseller;organic,3.9
1855,111,Dina Qasim,Nablus,Sports & Outdoors,Camping Tent 4-Person,175.0,8,1400.0,RETURNED,2025-12-28 16:45:00,budget,3.1
1856,128,Osaid Khatib,Gaza,Electronics,USB-C Hub Multiport,45.0,1,45.0,COMPLETED,2026-08-08 13:53:00,gift-idea;clearance;budget,4.7
1857,137,Ahmad Husseini,Dubai,Office Supplies,Whiteboard Magnetic 90x60,40.5,1,40.5,RETURNED,2026-01-19 15:18:00,sale;bestseller;limited-edition,2.6
1858,139,Mustafa Khalil,Ramallah,Home & Kitchen,Stainless Steel Blender,63.75,3,191.25,RETURNED,2026-06-05 20:37:00,limited-edition;new-arrival;gift-idea,4.6
1859,109,Laila Darwish,Doha,Electronics,Laptop Pro 15,1200.0,5,6000.0,CANCELLED,2026-05-31 17:40:00,gift-idea;eco-friendly;clearance,4.6
1860,236,Mohammad Tamimi,Doha,Home & Kitchen,Electric Kettle,28.5,1,28.5,COMPLETED,2026-08-13 12:58:00,limited-edition,3.1
1861,193,Yousef Ziyad,Jenin,Sports & Outdoors,Yoga Mat Non-Slip,25.2,2,50.4,RETURNED,2026-02-24 13:05:00,eco-friendly;budget,2.7
1862,193,Salma Qasim,Gaza,Office Supplies,Desktop Organizer Wood,16.88,1,16.88,PROCESSING,2025-05-09 22:34:00,gift-idea,4.2
1863,271,Laila Barakat,Bethlehem,Clothing,Running Sneakers White,85.5,1,85.5,PENDING,2026-06-02 10:36:00,new-arrival;bestseller,4.7
1864,104,Kareem Mansour,Tulkarm,Clothing,Graphic T-Shirt,19.8,3,59.4,RETURNED,2025-04-14 10:55:00,gift-idea,2.6
1865,143,Osaid Nasser,Amman,Office Supplies,Heavy Duty Stapler,14.4,4,57.6,COMPLETED,2025-05-11 14:44:00,new-arrival;premium;clearance,3.3
1866,187,Mustafa Mansour,Cairo,Electronics,Laptop Pro 15,1140.0,3,3420.0,PENDING,2026-02-23 18:28:00,gift-idea;premium;organic,4.3
1867,147,Mustafa Khatib,Ramallah,Furniture,Ergonomic Office Chair,237.5,2,475.0,RETURNED,2026-04-10 14:20:00,bestseller;eco-friendly,4.3
1868,172,Sara Qasim,Bethlehem,Books,MongoDB The Definitive Guide,35.7,1,35.7,CANCELLED,2026-08-17 16:54:00,premium;limited-edition,3.5
1869,146,Laila Abdelhaq,Cairo,Sports & Outdoors,Dumbbells Set 20kg,76.0,1,76.0,CANCELLED,2025-11-18 09:22:00,bestseller;clearance,3.2
1870,225,Khaled Qasim,Jerusalem,Clothing,Running Sneakers White,71.25,8,570.0,COMPLETED,2025-08-26 18:17:00,clearance,3.0
1871,231,Kareem Khalil,Dubai,Electronics,USB-C Hub Multiport,45.0,2,90.0,COMPLETED,2026-05-16 21:52:00,limited-edition,3.0
1872,247,Rania Ziyad,Amman,Furniture,LED Desk Lamp,35.0,1,35.0,RETURNED,2025-05-03 15:56:00,organic;premium,2.7
1873,136,Fatima Mansour,Jenin,Office Supplies,A4 Printer Paper Pack,12.0,3,36.0,RETURNED,2025-03-18 13:10:00,limited-edition;premium;organic,4.1
1874,232,Osaid Husseini,Nablus,Books,Learning Spark 2nd Ed,37.49,5,187.45,CANCELLED,2025-11-22 11:53:00,sale;budget;new-arrival,2.8
1875,197,Yousef Odeh,Bethlehem,Books,Designing Data-Intensive Apps,58.5,2,117.0,RETURNED,2026-05-24 12:08:00,clearance,4.9
1876,155,Ahmad Hamdan,Ramallah,Books,Scala for the Impatient,29.2,2,58.4,COMPLETED,2025-02-09 14:44:00,budget;gift-idea,4.1
1877,161,Tariq Tamimi,Amman,Sports & Outdoors,Dumbbells Set 20kg,60.0,4,240.0,COMPLETED,2025-10-27 18:31:00,gift-idea;limited-edition,3.9
1878,176,Sara Qasim,Ramallah,Office Supplies,Whiteboard Magnetic 90x60,40.5,1,40.5,COMPLETED,2025-09-11 18:27:00,bestseller,3.7
1879,182,Sara Saleh,Cairo,Books,Designing Data-Intensive Apps,52.65,3,157.95,PROCESSING,2026-05-16 17:26:00,new-arrival;sale;premium,3.2
1880,156,Rania Abdelhaq,Amman,Office Supplies,Whiteboard Magnetic 90x60,42.75,1,42.75,PENDING,2026-02-05 20:28:00,gift-idea;premium,4.8
1881,169,Salma Qasim,Jenin,Sports & Outdoors,Yoga Mat Non-Slip,25.2,1,25.2,COMPLETED,2026-08-10 22:10:00,new-arrival;clearance;limited-edition,2.8
1882,239,Ahmad Khalil,Tulkarm,Electronics,Smart Watch v2,284.52,1,284.52,PROCESSING,2026-07-21 09:41:00,eco-friendly,3.0
1883,238,Noor Al-Masri,Amman,Books,Designing Data-Intensive Apps,58.5,1,58.5,COMPLETED,2025-12-06 14:13:00,new-arrival;sale;eco-friendly,4.6
1884,235,Sara Khatib,Tulkarm,Office Supplies,Desktop Organizer Wood,21.38,1,21.38,COMPLETED,2025-01-25 11:40:00,new-arrival;sale;premium,4.4
1885,197,Zaid Nasser,Cairo,Clothing,Cotton Hoodie Black,46.75,1,46.75,RETURNED,2026-03-02 08:00:00,eco-friendly;bestseller;clearance,4.3
1886,201,Noor Ghanem,Jenin,Books,Scala for the Impatient,34.67,3,104.01,COMPLETED,2026-04-15 11:06:00,budget;organic,3.4
1887,210,Osaid Qasim,Tulkarm,Home & Kitchen,Air Fryer Deluxe,100.0,2,200.0,CANCELLED,2026-06-03 11:24:00,organic,4.3
1888,196,Dina Mansour,Gaza,Furniture,Monitor Arm Dual,58.95,8,471.6,PROCESSING,2025-08-26 15:23:00,budget;clearance,4.1
1889,186,Laila Beshtawi,Ramallah,Home & Kitchen,Stainless Steel Blender,67.5,1,67.5,CANCELLED,2025-09-13 09:09:00,budget;organic,3.8
1890,246,Yousef Abdelhaq,Gaza,Clothing,Winter Wool Jacket,133.0,1,133.0,PROCESSING,2025-06-04 08:20:00,budget;gift-idea;sale,3.2
1891,154,Dina Tamimi,Amman,Books,MongoDB The Definitive Guide,42.0,5,210.0,COMPLETED,2026-04-18 19:30:00,eco-friendly;clearance;budget,3.6
1892,120,Zaid Nasser,Nablus,Furniture,Monitor Arm Dual,65.5,3,196.5,COMPLETED,2026-03-25 21:07:00,gift-idea,3.7
1893,261,Bilal Tamimi,Jerusalem,Sports & Outdoors,Mountain Bike Helmet,60.0,1,60.0,COMPLETED,2025-05-01 14:18:00,premium;eco-friendly;limited-edition,4.0
1894,196,Mustafa Al-Masri,Jerusalem,Clothing,Graphic T-Shirt,16.5,2,33.0,CANCELLED,2026-01-16 16:38:00,organic;budget,3.0
1895,185,Laila Al-Masri,Amman,Sports & Outdoors,Insulated Water Bottle,22.05,1,22.05,COMPLETED,2025-06-03 15:04:00,premium,4.3
1896,152,Sara Sayegh,Gaza,Clothing,Cotton Hoodie Black,49.5,1,49.5,CANCELLED,2025-06-10 09:22:00,eco-friendly;new-arrival;limited-edition,4.1
1897,150,Fatima Ghanem,Tulkarm,Home & Kitchen,Air Fryer Deluxe,93.75,1,93.75,PENDING,2025-09-18 16:34:00,new-arrival;clearance;bestseller,2.8
1898,156,Fatima Al-Masri,Bethlehem,Home & Kitchen,Espresso Coffee Maker,153.0,1,153.0,CANCELLED,2026-01-28 13:36:00,budget;premium;organic,3.0
1899,101,Yousef Odeh,Ramallah,Office Supplies,Heavy Duty Stapler,16.0,1,16.0,PENDING,2025-01-01 13:04:00,bestseller,3.8
1900,213,Rania Tamimi,Jenin,Clothing,Graphic T-Shirt,22.0,3,66.0,CANCELLED,2026-02-07 14:49:00,organic;limited-edition,3.3
1901,234,Huda Khatib,Ramallah,Home & Kitchen,Stainless Steel Blender,60.0,5,300.0,PROCESSING,2025-10-12 19:09:00,eco-friendly;organic,3.7
1902,165,Sara Sayegh,Tulkarm,Sports & Outdoors,Camping Tent 4-Person,131.25,1,131.25,COMPLETED,2026-04-23 20:42:00,gift-idea;new-arrival,4.0
1903,149,Zaid Saleh,Jerusalem,Sports & Outdoors,Yoga Mat Non-Slip,26.6,1,26.6,CANCELLED,2025-07-19 08:37:00,limited-edition;clearance,4.8
1904,165,Bilal Khalil,Dubai,Clothing,Cotton Hoodie Black,44.0,2,88.0,PENDING,2026-02-12 08:44:00,premium;budget;sale,4.9
1905,108,Salma Ziyad,Gaza,Furniture,LED Desk Lamp,28.0,3,84.0,PROCESSING,2026-07-13 20:06:00,limited-edition,2.6
1906,140,Kareem Nasser,Ramallah,Books,Learning Spark 2nd Ed,39.99,1,39.99,RETURNED,2025-03-05 13:06:00,premium;new-arrival;sale,3.3
1907,273,Huda Al-Masri,Dubai,Sports & Outdoors,Camping Tent 4-Person,140.0,2,280.0,PENDING,2026-03-03 21:42:00,sale;clearance;new-arrival,4.6
1908,229,Laila Barakat,Ramallah,Furniture,LED Desk Lamp,29.75,1,29.75,COMPLETED,2026-06-02 14:11:00,sale;premium;eco-friendly,3.9
1909,131,Huda Ziyad,Dubai,Office Supplies,A4 Printer Paper Pack,10.8,2,21.6,COMPLETED,2025-04-30 22:05:00,clearance,3.0
1910,252,Ahmad Al-Masri,Nablus,Furniture,Bookshelf 5-Tier,88.0,2,176.0,COMPLETED,2025-11-12 21:43:00,new-arrival;bestseller;premium,2.6
1911,174,Kareem Barakat,Jerusalem,Home & Kitchen,Air Fryer Deluxe,93.75,1,93.75,COMPLETED,2025-10-07 22:12:00,premium,3.1
1912,213,Fatima Beshtawi,Gaza,Clothing,Graphic T-Shirt,16.5,1,16.5,RETURNED,2026-06-20 15:53:00,bestseller;sale;gift-idea,2.9
1913,246,Noor Hamdan,Jenin,Sports & Outdoors,Camping Tent 4-Person,140.0,1,140.0,CANCELLED,2026-07-19 21:47:00,clearance;eco-friendly,4.4
1914,167,Noor Ziyad,Bethlehem,Electronics,Laptop Pro 15,960.0,2,1920.0,COMPLETED,2026-05-02 10:29:00,limited-edition;budget;gift-idea,4.1
1915,109,Huda Mansour,Doha,Clothing,Cotton Hoodie Black,49.5,1,49.5,COMPLETED,2025-12-11 18:57:00,bestseller,4.8
1916,179,Kareem Ziyad,Amman,Furniture,Ergonomic Office Chair,212.5,1,212.5,PENDING,2026-08-13 19:27:00,gift-idea;organic;new-arrival,3.1
1917,196,Yasmin Husseini,Gaza,Sports & Outdoors,Insulated Water Bottle,24.5,1,24.5,PROCESSING,2026-06-04 09:26:00,premium;gift-idea,4.0
1918,142,Bilal Al-Masri,Bethlehem,Home & Kitchen,Electric Kettle,25.5,1,25.5,PROCESSING,2025-05-23 10:42:00,sale;clearance,3.3
1919,137,Tariq Ziyad,Tulkarm,Furniture,LED Desk Lamp,35.0,1,35.0,COMPLETED,2025-06-26 12:19:00,bestseller,3.1
1920,153,Rania Beshtawi,Cairo,Furniture,Standing Desk Oak,337.5,2,675.0,PROCESSING,2026-01-19 08:30:00,limited-edition,2.7
1921,241,Zaid Odeh,Gaza,Sports & Outdoors,Insulated Water Bottle,19.6,3,58.8,COMPLETED,2025-04-09 14:08:00,bestseller;gift-idea,4.4
1922,173,Rania Darwish,Amman,Electronics,Mechanical Keyboard,68.0,2,136.0,CANCELLED,2025-01-28 11:56:00,bestseller;new-arrival;limited-edition,3.4
1923,229,Ahmad Darwish,Ramallah,Sports & Outdoors,Dumbbells Set 20kg,80.0,1,80.0,COMPLETED,2025-08-05 12:27:00,limited-edition,3.5
1924,147,Rania Nasser,Bethlehem,Clothing,Winter Wool Jacket,126.0,2,252.0,COMPLETED,2025-09-25 14:11:00,gift-idea,4.2
1925,128,Khaled Beshtawi,Jenin,Sports & Outdoors,Yoga Mat Non-Slip,25.2,2,50.4,PROCESSING,2025-01-13 10:20:00,budget,3.8
1926,276,Khaled Khalil,Gaza,Sports & Outdoors,Insulated Water Bottle,24.5,1,24.5,COMPLETED,2026-03-12 12:47:00,clearance;organic;limited-edition,4.5
1927,186,Dina Saleh,Ramallah,Office Supplies,Gel Pen Set 12-Pack,8.07,8,64.56,PROCESSING,2026-01-28 21:43:00,bestseller,2.5
1928,252,Fatima Odeh,Amman,Office Supplies,Heavy Duty Stapler,14.4,3,43.2,PENDING,2025-02-19 15:18:00,clearance,4.7
1929,218,Tariq Abdelhaq,Dubai,Sports & Outdoors,Camping Tent 4-Person,166.25,1,166.25,RETURNED,2025-10-31 20:52:00,eco-friendly,3.2
1930,176,Tariq Hamdan,Nablus,Books,MongoDB The Definitive Guide,42.0,1,42.0,CANCELLED,2025-04-25 13:46:00,eco-friendly,4.3
1931,164,Kareem Beshtawi,Amman,Electronics,Wireless Mouse,20.4,3,61.2,PENDING,2026-03-18 22:17:00,organic;new-arrival,4.8
1932,235,Mustafa Ziyad,Nablus,Electronics,Mechanical Keyboard,85.0,1,85.0,CANCELLED,2025-04-14 14:32:00,clearance;limited-edition;premium,3.6
1933,106,Kareem Barakat,Cairo,Sports & Outdoors,Yoga Mat Non-Slip,25.2,3,75.6,COMPLETED,2025-07-16 17:16:00,budget;eco-friendly,3.8
1934,163,Mohammad Saleh,Dubai,Books,Designing Data-Intensive Apps,52.65,3,157.95,COMPLETED,2025-07-10 12:32:00,sale;gift-idea;bestseller,4.2
1935,170,Ahmad Hamdan,Hebron,Electronics,Noise-Canceling Headphones,189.99,2,379.98,COMPLETED,2026-04-19 17:50:00,limited-edition;clearance;new-arrival,3.1
1936,184,Yousef Beshtawi,Dubai,Clothing,Graphic T-Shirt,18.7,3,56.1,PENDING,2025-12-03 16:24:00,eco-friendly;sale,3.4
1937,182,Tariq Ziyad,Jerusalem,Books,Clean Code Architecture,31.2,1,31.2,COMPLETED,2026-02-04 12:25:00,budget,4.9
1938,262,Salma Sayegh,Jenin,Electronics,Wireless Mouse,21.68,3,65.04,COMPLETED,2025-11-08 12:48:00,organic;budget,2.6
1939,260,Mustafa Al-Masri,Dubai,Clothing,Graphic T-Shirt,16.5,1,16.5,COMPLETED,2025-10-18 16:47:00,new-arrival;gift-idea,4.8
1940,134,Zaid Mansour,Ramallah,Books,Designing Data-Intensive Apps,58.5,1,58.5,CANCELLED,2025-10-24 10:55:00,gift-idea,3.9
1941,191,Noor Hamdan,Dubai,Clothing,Running Sneakers White,76.0,3,228.0,COMPLETED,2025-11-22 16:34:00,gift-idea;new-arrival;budget,3.7
1942,219,Omar Ziyad,Jerusalem,Office Supplies,Gel Pen Set 12-Pack,9.5,1,9.5,CANCELLED,2025-12-09 20:29:00,bestseller;clearance;gift-idea,4.0
1943,208,Rania Hamdan,Hebron,Sports & Outdoors,Yoga Mat Non-Slip,28.0,2,56.0,CANCELLED,2026-05-31 09:38:00,gift-idea;sale;limited-edition,4.0
1944,143,Mustafa Tamimi,Doha,Electronics,Mechanical Keyboard,72.25,1,72.25,PROCESSING,2026-02-03 16:32:00,bestseller,3.6
1945,162,Kareem Tamimi,Cairo,Furniture,Bookshelf 5-Tier,110.0,1,110.0,COMPLETED,2025-07-31 17:29:00,new-arrival;organic,5.0
1946,146,Khaled Khatib,Doha,Electronics,USB-C Hub Multiport,33.75,3,101.25,COMPLETED,2025-09-08 15:46:00,sale,4.4
1947,275,Rania Khatib,Gaza,Office Supplies,Desktop Organizer Wood,20.25,1,20.25,COMPLETED,2026-07-05 09:45:00,eco-friendly;sale;organic,3.7
1948,116,Omar Darwish,Cairo,Office Supplies,A4 Printer Paper Pack,9.6,1,9.6,CANCELLED,2026-03-27 14:50:00,clearance,2.9
1949,168,Mustafa Mansour,Cairo,Furniture,Bookshelf 5-Tier,104.5,1,104.5,COMPLETED,2025-09-06 20:30:00,premium,2.7
1950,265,Osaid Ziyad,Cairo,Books,Designing Data-Intensive Apps,55.57,3,166.71,COMPLETED,2026-04-01 13:50:00,premium;budget,4.0
1951,136,Laila Khatib,Bethlehem,Electronics,Wireless Mouse,21.68,4,86.72,COMPLETED,2025-10-26 12:45:00,budget,4.1
1952,222,Khaled Ghanem,Jerusalem,Sports & Outdoors,Dumbbells Set 20kg,76.0,1,76.0,PROCESSING,2026-01-29 12:40:00,sale,4.6
1953,250,Omar Nasser,Dubai,Electronics,Mechanical Keyboard,72.25,1,72.25,RETURNED,2026-06-14 14:30:00,bestseller;limited-edition;budget,4.0
1954,229,Huda Khatib,Jenin,Books,Clean Code Architecture,29.25,2,58.5,CANCELLED,2026-05-09 10:30:00,sale;clearance,3.4
1955,180,Noor Qasim,Jerusalem,Clothing,Graphic T-Shirt,16.5,3,49.5,COMPLETED,2025-07-21 13:31:00,budget;sale,4.6
1956,235,Yousef Odeh,Jenin,Sports & Outdoors,Yoga Mat Non-Slip,28.0,1,28.0,COMPLETED,2026-06-04 09:17:00,eco-friendly;budget;clearance,4.9
1957,115,Khaled Khatib,Hebron,Furniture,Bookshelf 5-Tier,110.0,3,330.0,RETURNED,2025-09-08 11:44:00,organic;bestseller;sale,4.9
1958,169,Dina Barakat,Ramallah,Sports & Outdoors,Dumbbells Set 20kg,80.0,3,240.0,COMPLETED,2026-06-20 12:03:00,new-arrival,3.1
1959,249,Salma Ziyad,Ramallah,Home & Kitchen,Espresso Coffee Maker,144.0,1,144.0,COMPLETED,2025-07-21 15:07:00,clearance;organic,3.0
1960,239,Mustafa Odeh,Dubai,Books,MongoDB The Definitive Guide,35.7,2,71.4,PENDING,2025-04-25 19:56:00,new-arrival;organic,5.0
1961,165,Rania Barakat,Gaza,Sports & Outdoors,Dumbbells Set 20kg,72.0,1,72.0,CANCELLED,2025-10-18 18:19:00,eco-friendly;new-arrival,3.4
1962,274,Dina Khatib,Bethlehem,Sports & Outdoors,Insulated Water Bottle,18.38,1,18.38,COMPLETED,2026-05-15 08:20:00,organic;budget;bestseller,2.9
1963,211,Omar Mansour,Gaza,Clothing,Graphic T-Shirt,22.0,3,66.0,PROCESSING,2025-04-22 20:14:00,premium,3.8
1964,182,Bilal Tamimi,Ramallah,Sports & Outdoors,Camping Tent 4-Person,175.0,4,700.0,CANCELLED,2025-06-08 13:10:00,gift-idea,4.5
1965,141,Yasmin Al-Masri,Jenin,Home & Kitchen,Ceramic Cookware Set,120.0,2,240.0,PENDING,2025-10-03 11:59:00,organic;premium,3.4
1966,179,Huda Saleh,Cairo,Clothing,Winter Wool Jacket,119.0,1,119.0,PENDING,2026-03-04 08:48:00,sale;gift-idea,3.4
1967,136,Khaled Barakat,Nablus,Office Supplies,Gel Pen Set 12-Pack,7.6,1,7.6,COMPLETED,2025-10-29 21:23:00,limited-edition,3.6
1968,198,Huda Sayegh,Amman,Sports & Outdoors,Dumbbells Set 20kg,68.0,3,204.0,CANCELLED,2026-03-27 21:17:00,clearance,3.1
1969,184,Salma Tamimi,Nablus,Office Supplies,Desktop Organizer Wood,18.0,2,36.0,PENDING,2025-09-13 12:38:00,gift-idea;sale;clearance,2.6
1970,188,Fatima Sayegh,Jenin,Books,MongoDB The Definitive Guide,42.0,1,42.0,RETURNED,2025-03-17 13:49:00,gift-idea;bestseller;eco-friendly,4.0
1971,247,Noor Sayegh,Ramallah,Books,Designing Data-Intensive Apps,49.73,1,49.73,PROCESSING,2025-09-24 16:33:00,sale;bestseller,4.4
1972,118,Huda Saleh,Gaza,Sports & Outdoors,Dumbbells Set 20kg,72.0,1,72.0,COMPLETED,2026-04-17 13:21:00,premium,3.1
1973,106,Laila Mansour,Doha,Books,Clean Code Architecture,35.1,1,35.1,PROCESSING,2025-02-19 21:33:00,eco-friendly,3.4
1974,245,Rania Abdelhaq,Amman,Office Supplies,Whiteboard Magnetic 90x60,40.5,3,121.5,COMPLETED,2026-08-12 13:40:00,clearance,3.9
1975,243,Sara Sayegh,Jerusalem,Office Supplies,Heavy Duty Stapler,16.0,3,48.0,CANCELLED,2026-04-25 17:41:00,clearance,4.4
1976,211,Fatima Ziyad,Gaza,Sports & Outdoors,Dumbbells Set 20kg,80.0,2,160.0,COMPLETED,2026-08-13 13:29:00,gift-idea;sale;budget,3.9
1977,102,Yasmin Darwish,Nablus,Electronics,Wireless Mouse,25.5,1,25.5,COMPLETED,2025-08-17 17:43:00,eco-friendly;organic,4.1
1978,152,Mustafa Saleh,Cairo,Office Supplies,Heavy Duty Stapler,12.0,1,12.0,COMPLETED,2025-07-31 12:11:00,sale,3.8
1979,111,Laila Sayegh,Jenin,Electronics,Mechanical Keyboard,85.0,4,340.0,RETURNED,2025-08-02 11:19:00,gift-idea,5.0
1980,160,Noor Saleh,Nablus,Furniture,LED Desk Lamp,31.5,1,31.5,COMPLETED,2026-03-31 21:47:00,new-arrival;gift-idea;sale,3.6
1981,203,Noor Odeh,Tulkarm,Home & Kitchen,Espresso Coffee Maker,180.0,1,180.0,CANCELLED,2026-08-16 19:33:00,bestseller,4.4
1982,131,Salma Saleh,Cairo,Clothing,Winter Wool Jacket,140.0,1,140.0,PROCESSING,2026-06-04 13:30:00,eco-friendly;clearance,4.9
1983,105,Ahmad Darwish,Tulkarm,Books,Learning Spark 2nd Ed,47.49,1,47.49,PROCESSING,2025-03-08 14:54:00,premium;new-arrival;clearance,4.1
1984,200,Salma Khalil,Bethlehem,Sports & Outdoors,Camping Tent 4-Person,131.25,1,131.25,COMPLETED,2025-07-01 17:00:00,eco-friendly,2.9
1985,278,Salma Abdelhaq,Nablus,Home & Kitchen,Stainless Steel Blender,60.0,4,240.0,COMPLETED,2026-01-16 17:26:00,gift-idea,2.9
1986,233,Laila Al-Masri,Jenin,Electronics,Wireless Mouse,25.5,1,25.5,COMPLETED,2026-02-18 18:23:00,budget;limited-edition,2.6
1987,107,Huda Khalil,Gaza,Electronics,Smart Watch v2,269.55,4,1078.2,COMPLETED,2026-07-07 14:48:00,eco-friendly;bestseller;budget,2.8
1988,190,Yousef Beshtawi,Tulkarm,Electronics,Laptop Pro 15,1080.0,5,5400.0,PENDING,2026-07-04 15:08:00,sale;premium;organic,3.7
1989,166,Laila Husseini,Doha,Home & Kitchen,Air Fryer Deluxe,100.0,5,500.0,RETURNED,2025-04-09 15:31:00,budget;new-arrival;bestseller,3.0
1990,134,Laila Qasim,Doha,Electronics,Smart Watch v2,269.55,1,269.55,COMPLETED,2025-04-18 11:14:00,bestseller;premium,3.3
1991,219,Mustafa Khatib,Amman,Home & Kitchen,Air Fryer Deluxe,125.0,3,375.0,COMPLETED,2026-03-09 13:42:00,budget,4.3
1992,109,Zaid Abdelhaq,Hebron,Furniture,Ergonomic Office Chair,250.0,1,250.0,PROCESSING,2025-09-01 10:25:00,sale;organic,3.7
1993,189,Noor Darwish,Gaza,Furniture,LED Desk Lamp,29.75,2,59.5,PENDING,2025-05-01 19:17:00,eco-friendly;limited-edition;budget,5.0
1994,148,Fatima Husseini,Gaza,Office Supplies,Heavy Duty Stapler,16.0,2,32.0,RETURNED,2025-12-17 20:33:00,clearance;limited-edition,3.6
1995,107,Dina Nasser,Ramallah,Furniture,LED Desk Lamp,35.0,3,105.0,CANCELLED,2025-10-30 10:55:00,premium;organic,3.6
1996,122,Bilal Al-Masri,Tulkarm,Office Supplies,Heavy Duty Stapler,12.0,1,12.0,RETURNED,2025-08-16 20:01:00,limited-edition,3.8
1997,139,Mustafa Khatib,Amman,Electronics,USB-C Hub Multiport,45.0,1,45.0,RETURNED,2026-06-28 10:23:00,clearance,4.2
1998,263,Yasmin Qasim,Cairo,Furniture,Monitor Arm Dual,55.67,5,278.35,PENDING,2025-07-27 12:03:00,premium;gift-idea,4.8
1999,208,Salma Ziyad,Jenin,Furniture,Bookshelf 5-Tier,104.5,1,104.5,RETURNED,2026-07-24 18:19:00,budget,4.0
2000,118,Mohammad Hamdan,Jerusalem,Furniture,LED Desk Lamp,26.25,3,78.75,PROCESSING,2025-09-06 14:50:00,gift-idea,3.5
